dictionary,page_id,record_index,line_index,marker,status,start,end,primary_language,language_distribution,source_ranges,normalized_value,value
Chukchi-Russian,page_3,0,0,lx,exact,0,11,Chukchi,Chukchi:11,0:11,апԓёратвака,апԓёратвака
Chukchi-Russian,page_3,0,1,gn,exact,12,54,Russian,Russian:37,12:54,че́рез не́которое вре́мя; немно́го погодя́,"че́рез не́которое вре́мя, немно́го погодя́"
Chukchi-Russian,page_3,1,2,lx,exact,55,63,Chukchi,Chukchi:8,55:63,аркычеты,аркычеты
Chukchi-Russian,page_3,1,3,gn,exact,64,82,Russian,Russian:16,64:82,накло́нно; пока́то,"накло́нно, пока́то"
Chukchi-Russian,page_3,1,4,se,compact,84,101,Chukchi,Chukchi:14,84:101,аркычеты ваԓьын,аркычеты ваԓьын
Chukchi-Russian,page_3,1,5,gn,exact,102,122,Russian,Russian:18,102:122,накло́нный; пока́тый,"накло́нный, пока́тый"
Chukchi-Russian,page_3,2,6,lx,exact,123,133,Chukchi,Chukchi:10,123:133,аркычыткок,аркычыткок
Chukchi-Russian,page_3,2,7,gn,exact,134,143,Russian,Russian:9,134:143,кача́ться,кача́ться
Chukchi-Russian,page_3,2,8,un,exact,144,162,Russian,Russian:15,144:162,о ло́дке; самолёте,"о ло́дке, самолёте"
Chukchi-Russian,page_3,3,9,lx,exact,164,171,Chukchi,Chukchi:7,164:171,армагты,армагты
Chukchi-Russian,page_3,3,10,gn,exact,172,179,Russian,Russian:7,172:179,си́льно,си́льно
Chukchi-Russian,page_3,3,11,se,exact,181,195,Chukchi,Chukchi:13,181:195,армагты ваԓьын,армагты ваԓьын
Chukchi-Russian,page_3,3,12,gn,exact,196,204,Russian,Russian:8,196:204,си́льный,си́льный
Chukchi-Russian,page_3,3,13,se,exact,206,220,Chukchi,Chukchi:14,206:220,армаԓтатгыргын,армаԓтатгыргын
Chukchi-Russian,page_3,3,14,gn,exact,221,244,Russian,Russian:21,221:244,побе́да; превосхо́дство,побе́да; превосхо́дство
Chukchi-Russian,page_3,4,15,lx,exact,245,255,Chukchi,Chukchi:10,245:255,аройвыԓьын,аройвыԓьын
Chukchi-Russian,page_3,4,16,sn,structural,,,meta,,,1,1
Chukchi-Russian,page_3,4,17,gn,exact,259,266,Russian,Russian:7,259:266,мо́щный,мо́щный
Chukchi-Russian,page_3,4,18,sn,structural,,,meta,,,2,2
Chukchi-Russian,page_3,4,19,gn,exact,271,280,Russian,Russian:9,271:280,богаты́рь,богаты́рь
Chukchi-Russian,page_3,5,20,lx,exact,281,290,Chukchi,Chukchi:9,281:290,аромкатык,аромкатык
Chukchi-Russian,page_3,5,21,gn,exact,291,304,Russian,Russian:13,291:304,беспоко́иться,беспоко́иться
Chukchi-Russian,page_3,5,22,un,exact,305,314,Russian,Russian:8,305:314,об оле́не,об оле́не
Chukchi-Russian,page_3,6,23,lx,exact,316,322,Chukchi,Chukchi:6,316:322,аръаԓя,аръаԓя
Chukchi-Russian,page_3,6,24,sn,structural,,,meta,,,1,1
Chukchi-Russian,page_3,6,25,gn,exact,326,332,Russian,Russian:6,326:332,о́чень,о́чень
Chukchi-Russian,page_3,6,26,sn,structural,,,meta,,,2,2
Chukchi-Russian,page_3,6,27,gn,exact,337,348,Russian,Russian:11,337:348,соверше́нно,соверше́нно
Chukchi-Russian,page_3,7,28,lx,exact,349,357,Chukchi,Chukchi:8,349:357,аръапаӈы,аръапаӈы
Chukchi-Russian,page_3,7,29,gn,exact,358,381,Russian,Russian:20,358:381,бульо́н; мясно́й отва́р,"бульо́н, мясно́й отва́р"
Chukchi-Russian,page_3,8,30,lx,exact,382,391,Chukchi,Chukchi:9,382:391,арычгатык,арычгатык
Chukchi-Russian,page_3,8,31,gn,exact,392,415,Russian,Russian:19,392:415,лечь; ложи́ться на́ бок,лечь; ложи́ться на́ бок
Chukchi-Russian,page_3,9,32,lx,exact,416,426,Chukchi,Chukchi:10,416:426,арычгытвак,арычгытвак
Chukchi-Russian,page_3,9,33,gn,exact,427,443,Russian,Russian:14,427:443,лежа́ть на боку́,лежа́ть на боку́
Chukchi-Russian,page_3,10,34,lx,exact,444,451,Chukchi,Chukchi:7,444:451,атӄатык,атӄатык
Chukchi-Russian,page_3,10,35,gn,exact,452,460,Russian,Russian:8,452:460,хрома́ть,хрома́ть
Chukchi-Russian,page_3,11,36,lx,exact,461,469,Chukchi,Chukchi:8,461:469,атӄэԓгын,атӄэԓгын
Chukchi-Russian,page_3,11,37,gn,exact,470,503,Russian,Russian:30,470:503,реме́нь для стрено́живания оле́ня,реме́нь для стрено́живания оле́ня
Chukchi-Russian,page_3,12,38,lx,exact,504,509,Chukchi,Chukchi:5,504:509,атчык,атчык
Chukchi-Russian,page_3,12,39,gn,exact,510,520,Russian,Russian:10,510:520,пря́таться,пря́таться
Chukchi-Russian,page_3,13,40,lx,exact,521,530,Chukchi,Chukchi:9,521:530,атчычетык,атчычетык
Chukchi-Russian,page_3,13,41,gn,exact,531,548,Russian,Russian:15,531:548,игра́ть в пря́тки,игра́ть в пря́тки
Chukchi-Russian,page_3,14,42,lx,exact,549,557,Chukchi,Chukchi:8,549:557,атчьатык,атчьатык
Chukchi-Russian,page_3,14,43,gn,exact,558,567,Russian,Russian:9,558:567,ложи́ться,ложи́ться
Chukchi-Russian,page_3,14,44,un,exact,568,573,Russian,Russian:5,568:573,спать,спать
Chukchi-Russian,page_3,15,45,lx,exact,575,583,Chukchi,Chukchi:8,575:583,атъыԓёкэ,атъыԓёкэ
Chukchi-Russian,page_3,15,46,gn,exact,584,592,Russian,Russian:8,584:592,дека́брь,дека́брь
Chukchi-Russian,page_3,16,47,lx,exact,593,597,Chukchi,Chukchi:4,593:597,атын,атын
Chukchi-Russian,page_3,16,48,gn,exact,598,603,Russian,Russian:5,598:603,ра́на,ра́на
Chukchi-Russian,page_3,17,49,lx,exact,604,613,Chukchi,Chukchi:9,604:613,атынватъё,атынватъё
Chukchi-Russian,page_3,17,50,gn,exact,614,622,Russian,Russian:8,614:622,ра́неный,ра́неный
Chukchi-Russian,page_3,18,51,lx,exact,623,632,Chukchi,Chukchi:9,623:632,атынватык,атынватык
Chukchi-Russian,page_3,18,52,gn,exact,633,640,Russian,Russian:7,633:640,ра́нить,ра́нить
Chukchi-Russian,page_3,19,53,lx,exact,641,644,Chukchi,Chukchi:3,641:644,атэ,атэ
Chukchi-Russian,page_3,19,54,gn,exact,645,650,Russian,Russian:5,645:650,па́па,па́па
Chukchi-Russian,page_3,20,55,lx,exact,651,664,Chukchi,Chukchi:13,651:664,ачарэкэгыргын,ачарэкэгыргын
Chukchi-Russian,page_3,20,56,gn,exact,665,689,Russian,Russian:21,665:689,чистота́; чи́стое ме́сто,чистота́; чи́стое ме́сто
Chukchi-Russian,page_3,21,57,lx,exact,690,695,Chukchi,Chukchi:5,690:695,ачгыт,ачгыт
Chukchi-Russian,page_3,21,58,gn,exact,696,709,Russian,Russian:11,696:709,ряд; шере́нга,"ряд, шере́нга"
Chukchi-Russian,page_3,22,59,lx,exact,710,716,Chukchi,Chukchi:6,710:716,ачгыта,ачгыта
Chukchi-Russian,page_3,22,60,gn,exact,717,723,Russian,Russian:6,717:723,ря́дом,ря́дом
Chukchi-Russian,page_3,23,61,lx,exact,724,735,Chukchi,Chukchi:11,724:735,ачечавкэгты,ачечавкэгты
Chukchi-Russian,page_3,23,62,gn,exact,736,746,Russian,Russian:10,736:746,непоня́тно,непоня́тно
Chukchi-Russian,page_3,23,63,se,compact,748,768,Chukchi,Chukchi:17,748:768,ачечавкэгты ваԓьын,ачечавкэгты ваԓьын
Chukchi-Russian,page_3,23,64,gn,exact,769,793,Russian,Russian:22,769:793,непоня́тный; зага́дочный,непоня́тный; зага́дочный
Chukchi-Russian,page_3,24,65,lx,exact,794,798,Chukchi,Chukchi:4,794:798,ачыӈ,ачыӈ
Chukchi-Russian,page_3,24,66,gn,exact,799,803,Russian,Russian:4,799:803,долг,долг
Chukchi-Russian,page_3,24,67,un,exact,804,826,Russian,Russian:18,804:826,то; что взя́то взаймы́,"то, что взя́то взаймы́"
Chukchi-Russian,page_3,25,68,lx,exact,828,834,Chukchi,Chukchi:6,828:834,ачыӈык,ачыӈык
Chukchi-Russian,page_3,25,69,hm,exact,256,257,meta,,256:257,1,1
Chukchi-Russian,page_3,25,70,gn,exact,837,849,Russian,Russian:10,837:849,брать в долг,брать в долг
Chukchi-Russian,page_3,26,71,lx,exact,850,856,Chukchi,Chukchi:6,850:856,ачыӈык,ачыӈык
Chukchi-Russian,page_3,26,72,hm,exact,268,269,meta,,268:269,2,2
Chukchi-Russian,page_3,26,73,gn,exact,860,868,Russian,Russian:8,860:868,проси́ть,проси́ть
Chukchi-Russian,page_3,26,74,un,exact,869,892,Russian,Russian:19,869:892,сде́лать что́-л. вдвоём,сде́лать что́-л. вдвоём
Chukchi-Russian,page_3,26,75,gn,exact,895,906,Russian,Russian:11,895:906,пригласи́ть,пригласи́ть
Chukchi-Russian,page_3,26,76,un,exact,907,915,Russian,Russian:7,907:915,с собо́й,с собо́й
Chukchi-Russian,page_3,27,77,lx,exact,917,922,Chukchi,Chukchi:5,917:922,ачьэӄ,ачьэӄ
Chukchi-Russian,page_3,27,78,gn,exact,923,931,Russian,Russian:8,923:931,моря́нка,моря́нка
Chukchi-Russian,page_3,27,79,un,exact,932,941,Russian,Russian:8,932:941,вид у́тки,вид у́тки
Circassian-English-Turkish,page_1,0,0,lx,exact,55,62,Circassian-Arabic,Circassian-Arabic:7,55:62,وِشْطِه,وِشْطِه
Circassian-English-Turkish,page_1,0,1,ph,exact,63,69,Circassian-Latin,Circassian-Latin:6,63:69,wéshté,wéshté
Circassian-English-Turkish,page_1,0,2,ge,exact,78,82,English-Latin,English-Latin:4,78:82,able,Able
Circassian-English-Turkish,page_1,0,3,ps,exact,95,96,English-Latin,English-Latin:1,95:96,a,a
Circassian-English-Turkish,page_1,0,4,de,exact,43,51,English-Latin,English-Latin:6,43:51,apt; fit,"apt, fit"
Circassian-English-Turkish,page_1,0,5,gn,exact,72,77,Turkish-Arabic,Turkish-Arabic:5,72:77,الملو,الملو
Circassian-English-Turkish,page_1,1,6,lx,exact,102,114,Circassian-Arabic,Circassian-Arabic:11,102:114,پْسِی شوُنِه,پْسِی شوُنِه
Circassian-English-Turkish,page_1,1,7,ph,exact,115,127,Circassian-Latin,Circassian-Latin:11,115:127,psee shooney,psee shooney
Circassian-English-Turkish,page_1,1,8,ge,exact,34,38,English-Latin,English-Latin:4,34:38,able,Able
Circassian-English-Turkish,page_1,1,9,ps,exact,84,87,English-Latin,English-Latin:2,84:87,v.n,v.n
Circassian-English-Turkish,page_1,1,10,de,exact,89,99,English-Latin,English-Latin:8,89:99,to be able,to be able
Circassian-English-Turkish,page_1,1,11,gn,exact,130,139,Turkish-Arabic,Turkish-Arabic:8,130:139,ایده بلمك,ایده بلمك
Circassian-English-Turkish,page_1,2,12,lx,exact,155,161,Circassian-Arabic,Circassian-Arabic:6,155:161,آپْسِه,آپْسِه
Circassian-English-Turkish,page_1,2,13,ph,exact,162,168,Circassian-Latin,Circassian-Latin:6,162:168,áhpsey,áhpsey
Circassian-English-Turkish,page_1,2,14,ge,exact,140,145,English-Latin,English-Latin:5,140:145,above,Above
Circassian-English-Turkish,page_1,2,15,ps,exact,185,189,English-Latin,English-Latin:4,185:189,prep,prep
Circassian-English-Turkish,page_1,2,16,gn,exact,171,177,Turkish-Arabic,Turkish-Arabic:6,171:177,یوقرده,یوقرده
Circassian-English-Turkish,page_1,3,17,lx,exact,193,206,Circassian-Arabic,Circassian-Arabic:12,193:206,طْشِیطْلم گِه,طْشِیطْلم گِه
Circassian-English-Turkish,page_1,3,18,ph,exact,207,220,Circassian-Latin,Circassian-Latin:12,207:220,tshitlem ghey,tshitlem ghey
Circassian-English-Turkish,page_1,3,19,ge,exact,178,183,English-Latin,English-Latin:5,178:183,about,About
Circassian-English-Turkish,page_1,3,20,ps,exact,147,151,English-Latin,English-Latin:4,147:151,prep,prep
Circassian-English-Turkish,page_1,3,21,gn,exact,223,236,Turkish-Arabic,Turkish-Arabic:10,223:236,صانكه — قرردن,صانكه — قرردن
Circassian-English-Turkish,page_1,4,22,lx,exact,253,266,Circassian-Arabic,Circassian-Arabic:12,253:266,طْصْشِی اِفمه,طْصْشِی اِفمه
Circassian-English-Turkish,page_1,4,23,ph,exact,267,280,Circassian-Latin,Circassian-Latin:10,267:280,t'z'shee-éfmé,t'z'shee-éfmé
Circassian-English-Turkish,page_1,4,24,ge,exact,237,244,English-Latin,English-Latin:7,237:244,abridge,Abridge
Circassian-English-Turkish,page_1,4,25,ps,exact,414,417,English-Latin,English-Latin:2,414:417,v.a,v.a
Circassian-English-Turkish,page_1,4,26,gn,exact,283,290,Turkish-Arabic,Turkish-Arabic:7,283:290,قصالتمق,قصالتمق
Circassian-English-Turkish,page_1,5,27,lx,exact,304,311,Circassian-Arabic,Circassian-Arabic:6,304:311,یِه مِپ,یِه مِپ
Circassian-English-Turkish,page_1,5,28,va,exact,315,333,Circassian-Arabic,Circassian-Arabic:16,315:333,تِیه پْشِه واُونِم,تِیه پْشِه واُونِم
Circassian-English-Turkish,page_1,5,29,ph,exact,334,358,Circassian-Latin,Circassian-Latin:20,334:358,yeeh mep; tipshéh voonem,yeeh mep; tipshéh voonem
Circassian-English-Turkish,page_1,5,30,ge,exact,291,297,English-Latin,English-Latin:6,291:297,absent,Absent
Circassian-English-Turkish,page_1,5,31,ps,exact,463,464,English-Latin,English-Latin:1,463:464,a,a
Circassian-English-Turkish,page_1,5,32,gn,exact,361,368,Turkish-Arabic,Turkish-Arabic:7,361:368,ناموجود,ناموجود
Circassian-English-Turkish,page_1,6,33,lx,exact,382,389,Circassian-Arabic,Circassian-Arabic:7,382:389,ارزارار,ارزارار
Circassian-English-Turkish,page_1,6,34,ph,exact,390,397,Circassian-Latin,Circassian-Latin:7,390:397,árzárár,árzárár
Circassian-English-Turkish,page_1,6,35,ge,exact,369,375,English-Latin,English-Latin:6,369:375,absurd,Absurd
Circassian-English-Turkish,page_1,6,36,ps,exact,471,472,English-Latin,English-Latin:1,471:472,a,a
Circassian-English-Turkish,page_1,6,37,gn,exact,400,405,Turkish-Arabic,Turkish-Arabic:5,400:405,دادسز,دادسز
Circassian-English-Turkish,page_1,7,38,lx,exact,421,434,Circassian-Arabic,Circassian-Arabic:12,421:434,قابوُلوُ صوغا,قابوُلوُ صوغا
Circassian-English-Turkish,page_1,7,39,ph,exact,435,450,Circassian-Latin,Circassian-Latin:14,435:450,kábooloo tzoġhá,kábooloo tzoġhá
Circassian-English-Turkish,page_1,7,40,ge,exact,406,412,English-Latin,English-Latin:6,406:412,accept,Accept
Circassian-English-Turkish,page_1,7,41,ps,exact,476,479,English-Latin,English-Latin:2,476:479,v.a,v.a
Circassian-English-Turkish,page_1,7,42,gn,exact,453,462,Turkish-Arabic,Turkish-Arabic:8,453:462,قبول اتمك,قبول اتمك
Circassian-English-Turkish,page_1,8,43,lx,exact,513,522,Circassian-Arabic,Circassian-Arabic:8,513:522,یِه زِگِه,یِه زِگِه
Circassian-English-Turkish,page_1,8,44,ph,exact,523,533,Circassian-Latin,Circassian-Latin:10,523:533,yeyzeyghey,yeyzeyghey
Circassian-English-Turkish,page_1,8,45,ge,exact,463,474,English-Latin,English-Latin:11,463:474,accommodate,Accommodate
Circassian-English-Turkish,page_1,8,46,ps,exact,554,557,English-Latin,English-Latin:2,554:557,v.a,v.a
Circassian-English-Turkish,page_1,8,47,de,compact,481,509,English-Latin,English-Latin:23,481:509,one's self to circumstances,one's self to circumstances
Circassian-English-Turkish,page_1,8,48,gn,exact,536,541,Turkish-Arabic,Turkish-Arabic:5,536:541,یقشمق,یقشمق
Circassian-English-Turkish,page_1,9,49,lx,exact,561,569,Circassian-Arabic,Circassian-Arabic:8,561:569,اُوشُوهن,اُوشُوهن
Circassian-English-Turkish,page_1,9,50,ph,exact,570,579,Circassian-Latin,Circassian-Latin:9,570:579,oohshoohn,oohshoohn
Circassian-English-Turkish,page_1,9,51,ge,exact,542,552,English-Latin,English-Latin:10,542:552,accomplish,Accomplish
Circassian-English-Turkish,page_1,9,52,ps,exact,598,601,English-Latin,English-Latin:2,598:601,v.a,v.a
Circassian-English-Turkish,page_1,9,53,gn,exact,582,588,Turkish-Arabic,Turkish-Arabic:6,582:588,بنورمك,بنورمك
Circassian-English-Turkish,page_1,10,54,lx,exact,605,616,Circassian-Arabic,Circassian-Arabic:10,605:616,هیسابی شوغا,هیسابی شوغا
Circassian-English-Turkish,page_1,10,55,ph,exact,618,633,Circassian-Latin,Circassian-Latin:14,618:633,heesábee shóġha,heesábee shóġha
Circassian-English-Turkish,page_1,10,56,ge,exact,589,596,English-Latin,English-Latin:7,589:596,account,Account
Circassian-English-Turkish,page_1,10,57,ps,exact,657,660,English-Latin,English-Latin:2,657:660,v.a,v.a
Circassian-English-Turkish,page_1,10,58,gn,exact,637,646,Turkish-Arabic,Turkish-Arabic:8,637:646,حساب اتمك,حساب اتمك
Circassian-English-Turkish,page_1,11,59,lx,exact,664,670,Circassian-Arabic,Circassian-Arabic:6,664:670,یِهسِن,یِهسِن
Circassian-English-Turkish,page_1,11,60,ph,exact,671,677,Circassian-Latin,Circassian-Latin:6,671:677,yéhsén,yéhsén
Circassian-English-Turkish,page_1,11,61,ge,exact,647,655,English-Latin,English-Latin:8,647:655,accustom,Accustom
Circassian-English-Turkish,page_1,11,62,ps,exact,1024,1027,English-Latin,English-Latin:2,1024:1027,v.a,v.a
Circassian-English-Turkish,page_1,11,63,gn,exact,680,686,Turkish-Arabic,Turkish-Arabic:6,680:686,الشتمق,الشتمق
Circassian-English-Turkish,page_1,12,64,lx,exact,711,723,Circassian-Arabic,Circassian-Arabic:11,711:723,مویْ اوزِْزه,مویْ اوزِْزه
Circassian-English-Turkish,page_1,12,65,va,exact,726,739,Circassian-Arabic,Circassian-Arabic:11,726:739,وَاط وِی غُوآ,وَاط وِی غُوآ
Circassian-English-Turkish,page_1,12,66,ph,exact,740,765,Circassian-Latin,Circassian-Latin:19,740:765,mouy ûz-zey; wát-we ġhooá,"mouy ûz-zey, wát-we ġhooá"
Circassian-English-Turkish,page_1,12,67,ge,exact,687,691,English-Latin,English-Latin:4,687:691,ache,Ache
Circassian-English-Turkish,page_1,12,68,ps,exact,1071,1072,Circassian-Latin,Circassian-Latin:1,1071:1072,s,s
Circassian-English-Turkish,page_1,12,69,de,exact,696,707,English-Latin,English-Latin:9,696:707,pain; smart,"pain, smart"
Circassian-English-Turkish,page_1,12,70,gn,exact,768,778,Turkish-Arabic,Turkish-Arabic:7,768:778,اغری — اجی,اغری — اجی
Circassian-English-Turkish,page_1,13,71,lx,exact,798,808,Circassian-Arabic,Circassian-Arabic:9,798:808,سوات شِیدا,سوات شِیدا
Circassian-English-Turkish,page_1,13,72,ph,exact,809,819,Circassian-Latin,Circassian-Latin:10,809:819,soátsheedá,soátsheedá
Circassian-English-Turkish,page_1,13,73,ge,exact,779,791,English-Latin,English-Latin:12,779:791,acquaintance,Acquaintance
Circassian-English-Turkish,page_1,13,74,ps,exact,1097,1098,English-Latin,English-Latin:1,1097:1098,s,s
Circassian-English-Turkish,page_1,13,75,gn,exact,822,828,Turkish-Arabic,Turkish-Arabic:6,822:828,اشنالق,اشنالق
Circassian-English-Turkish,page_1,14,76,lx,exact,852,860,Circassian-Arabic,Circassian-Arabic:8,852:860,بوُطْطِه,بوُطْطِه
Circassian-English-Turkish,page_1,14,77,ph,exact,861,868,Circassian-Latin,Circassian-Latin:7,861:868,boottéy,boottéy
Circassian-English-Turkish,page_1,14,78,ge,exact,829,835,English-Latin,English-Latin:6,829:835,across,Across
Circassian-English-Turkish,page_1,14,79,ps,exact,1135,1137,English-Latin,English-Latin:2,1135:1137,ad,ad
Circassian-English-Turkish,page_1,14,80,de,exact,841,848,English-Latin,English-Latin:7,841:848,athwart,athwart
Circassian-English-Turkish,page_1,14,81,gn,exact,871,875,Turkish-Arabic,Turkish-Arabic:4,871:875,اكری,اكری
Circassian-English-Turkish,page_1,15,82,lx,exact,902,908,Circassian-Arabic,Circassian-Arabic:5,902:908,ناه شه,ناه شه
Circassian-English-Turkish,page_1,15,83,ph,exact,909,916,Circassian-Latin,Circassian-Latin:7,909:916,náhshey,náhshey
Circassian-English-Turkish,page_1,15,84,ge,exact,829,835,English-Latin,English-Latin:6,829:835,across,Across
Circassian-English-Turkish,page_1,15,85,ps,exact,837,839,English-Latin,English-Latin:2,837:839,ad,ad
Circassian-English-Turkish,page_1,15,86,de,compact,888,898,English-Latin,English-Latin:9,888:898,obliquely,obliquely
Circassian-English-Turkish,page_1,15,87,gn,exact,919,925,Turkish-Arabic,Turkish-Arabic:6,919:925,ارقوری,ارقوری
Circassian-English-Turkish,page_1,16,88,lx,exact,954,973,Circassian-Arabic,Circassian-Arabic:18,954:973,طشِیطله اُوقُودشُوق,طشِیطله اُوقُودشُوق
Circassian-English-Turkish,page_1,16,89,ph,exact,974,994,Circassian-Latin,Circassian-Latin:19,974:994,tshítley ookoodshook,tshítley ookoodshook
Circassian-English-Turkish,page_1,16,90,ge,exact,926,933,English-Latin,English-Latin:7,926:933,address,Address
Circassian-English-Turkish,page_1,16,91,ps,exact,1139,1140,English-Latin,English-Latin:1,1139:1140,s,s
Circassian-English-Turkish,page_1,16,92,de,compact,938,950,English-Latin,English-Latin:10,938:950,a direction,a direction
Circassian-English-Turkish,page_1,16,93,gn,exact,997,1016,Turkish-Arabic,Turkish-Arabic:15,997:1016,عنوان — مكتوب اوستی,عنوان — مكتوب اوستی
Circassian-English-Turkish,page_1,17,94,lx,exact,1041,1056,Circassian-Arabic,Circassian-Arabic:15,1041:1056,اُوغابُزِینِیشط,اُوغابُزِینِیشط
Circassian-English-Turkish,page_1,17,95,ph,exact,1058,1074,Circassian-Latin,Circassian-Latin:15,1058:1074,ooġhábzee-neesht,ooġhábzee-neesht
Circassian-English-Turkish,page_1,17,96,ge,exact,1017,1022,English-Latin,English-Latin:5,1017:1022,adorn,Adorn
Circassian-English-Turkish,page_1,17,97,ps,exact,1143,1146,English-Latin,English-Latin:2,1143:1146,v.a,v.a
Circassian-English-Turkish,page_1,17,98,de,exact,1029,1037,English-Latin,English-Latin:7,1029:1037,to clean,to clean
Circassian-English-Turkish,page_1,17,99,gn,exact,1078,1085,Turkish-Arabic,Turkish-Arabic:7,1078:1085,تمیزلمك,تمیزلمك
Circassian-English-Turkish,page_1,18,100,lx,exact,1102,1113,Circassian-Arabic,Circassian-Arabic:10,1102:1113,فایدَا صوغا,فایدَا صوغا
Circassian-English-Turkish,page_1,18,101,ph,exact,1114,1126,Circassian-Latin,Circassian-Latin:11,1114:1126,fáïdá tsoġhá,fáïdá tsoġhá
Circassian-English-Turkish,page_1,18,102,ge,exact,1086,1095,English-Latin,English-Latin:9,1086:1095,advantage,Advantage
Circassian-English-Turkish,page_1,18,103,ps,exact,1169,1170,Circassian-Latin,Circassian-Latin:1,1169:1170,s,s
Circassian-English-Turkish,page_1,18,104,gn,exact,1129,1134,Turkish-Arabic,Turkish-Arabic:5,1129:1134,فایدا,فایدا
Circassian-English-Turkish,page_1,19,105,lx,exact,1150,1164,Circassian-Arabic,Circassian-Arabic:13,1150:1164,داشِی یِزْواوخ,داشِی یِزْواوخ
Circassian-English-Turkish,page_1,19,106,ph,exact,1166,1182,Circassian-Latin,Circassian-Latin:14,1166:1182,dáhshee yez-wókh,dáhshee yez-wókh
Circassian-English-Turkish,page_1,19,107,ge,exact,1135,1141,English-Latin,English-Latin:6,1135:1141,advise,Advise
Circassian-English-Turkish,page_1,19,108,ps,exact,246,249,English-Latin,English-Latin:2,246:249,v.a,v.a
Circassian-English-Turkish,page_1,19,109,gn,exact,1186,1197,Turkish-Arabic,Turkish-Arabic:10,1186:1197,نصیحت ویرمك,نصیحت ویرمك
Efik-English,page_13,0,0,lx,exact,51,57,Efik,Efik:4,51:57,dïm'-e,DÏM'-E
Efik-English,page_13,0,1,ps,exact,59,60,meta,,59:60,v,v
Efik-English,page_13,0,2,va,exact,63,69,Efik,Efik:4,63:69,dum'-e,DUM'-E
Efik-English,page_13,0,3,ps,exact,71,76,meta,,71:76,v. tr,v. tr
Efik-English,page_13,0,4,ge,exact,78,113,English,English:27,78:113,to make sonorous; big; as the voice,"To make sonorous, big, as the voice"
Efik-English,page_13,0,5,xv,exact,115,132,Efik,Efik:14,115:132,odïme uyu ke itöñ,Odïme uyu ke itöñ
Efik-English,page_13,0,6,xe,exact,134,170,English,English:29,134:170,he makes his voice big in his throat,He makes his voice big in his throat
Efik-English,page_13,1,7,lx,exact,172,178,English,Efik:1;English:3,172:178,dïm'-e,DÏM'-E
Efik-English,page_13,1,8,ps,exact,180,187,meta,,180:187,v. intr,v. intr
Efik-English,page_13,1,9,ge,compact,189,221,English,English:24,189:221,to resound; be sonorous; noisy,"To resound, be sonorous, noisy"
Efik-English,page_13,1,10,xv,exact,223,242,Efik,Efik:16,223:242,ekömö odïme ke ufök,Ekömö odïme ke ufök
Efik-English,page_13,1,11,xe,exact,244,283,English,English:31,244:283,the drum makes a big noise in the house,The drum makes a big noise in the house
Efik-English,page_13,1,12,xv,exact,285,302,Efik,Efik:14,285:302,uyu odïme ke itöñ,Uyu odïme ke itöñ
Efik-English,page_13,1,13,xe,exact,304,325,English,English:18,304:325,his voice is sonorous,His voice is sonorous
Efik-English,page_13,1,14,xv,exact,327,342,Efik,Efik:13,327:342,odïme anam utüm,Odïme anam utüm
Efik-English,page_13,1,15,xe,exact,344,380,English,English:28,344:380,he works strongly; or; with a bustle,"He works strongly, or, with a bustle"
Efik-English,page_13,1,16,cf,exact,382,402,Efik,Efik:10;English:1,382:402,der. n.; udïme-ntïbi,"Der. n., Udïme-ntïbi"
Efik-English,page_13,2,17,lx,exact,404,413,Efik,Efik:6,404:413,di-ök'-hö,DI-ÖK'-HÖ
Efik-English,page_13,2,18,hm,exact,1067,1068,meta,,1067:1068,3,3
Efik-English,page_13,2,19,ps,exact,1145,1150,meta,,1145:1150,v. tr,v. tr
Efik-English,page_13,2,20,cf,exact,427,437,Efik,Efik:4,427:437,(diök. i.),(Diök. I.)
Efik-English,page_13,2,21,ge,exact,438,458,English,English:17,438:458,to irritate; incense,"To irritate, incense"
Efik-English,page_13,2,22,xv,exact,460,486,Efik,Efik:21,460:486,ikä orü ödiökhö mi ke ësët,Ikä orü ödiökhö mi ke ësët
Efik-English,page_13,2,23,xe,exact,488,510,English,English:19,488:510,that word irritates me,That word irritates me
Efik-English,page_13,2,24,xv,exact,512,537,Efik,Efik:19;English:1,512:537,ödiökhö fi ke ësët ye ami,Ödiökhö fi ke ësët ye ami
Efik-English,page_13,2,25,xe,exact,539,565,English,English:22,539:565,it incenses you against me,It incenses you against me
Efik-English,page_13,2,26,ue,exact,567,585,English,English:15,567:585,others; to surfeit,"Others, To surfeit"
Efik-English,page_13,3,27,lx,exact,587,592,Efik,Efik:4,587:592,di-ön,DI-ÖN
Efik-English,page_13,3,28,ps,exact,594,607,meta,,594:607,v. tr. & intr,v. tr. & intr
Efik-English,page_13,3,29,ge,exact,609,617,English,English:7,609:617,to climb,To climb
Efik-English,page_13,3,30,cf,exact,619,632,Efik,Efik:3,619:632,ib.; ef.; düñ,"Ib., Ef., Düñ"
Efik-English,page_13,4,31,lx,exact,634,640,Efik,Efik:4,634:640,döb'-ö,DÖB'-Ö
Efik-English,page_13,4,32,cf,exact,642,650,Efik,Efik:4;English:3,642:650,see däbä,See Däbä
Efik-English,page_13,5,33,lx,exact,652,655,Efik,Efik:3,652:655,döñ,DÖÑ
Efik-English,page_13,5,34,ps,exact,1364,1369,meta,,1364:1369,v. tr,v. tr
Efik-English,page_13,5,35,sn,structural,,,meta,,,6,6
Efik-English,page_13,5,36,ue,exact,667,676,Efik,Efik:4;English:4,667:676,with inua,With inua
Efik-English,page_13,5,37,ge,compact,678,692,English,English:11,678:692,to interpose,To interpose
Efik-English,page_13,5,38,xv,exact,694,712,Efik,Efik:15,694:712,mö ëdöñ inua kësët,Mö ëdöñ inua kësët
Efik-English,page_13,5,39,xe,exact,714,738,English,English:20,714:738,they object to the thing,They object to the thing
Efik-English,page_13,5,40,ue,exact,740,780,English,English:33,740:780,others; they give a charge concerning it,"Others, They give a charge concerning it"
Efik-English,page_13,5,41,cf,exact,782,809,Efik,Efik:12;English:1,782:809,der. n.; udön̄-inua; v. ikä,"Der. n., Udön̄-inua, v. ikä"
Efik-English,page_13,6,42,lx,exact,652,655,Efik,Efik:3,652:655,döñ,DÖÑ
Efik-English,page_13,6,43,ps,exact,1569,1574,meta,,1569:1574,v. tr,v. tr
Efik-English,page_13,6,44,ue,exact,619,621,meta,,619:621,ib,Ib
Efik-English,page_13,6,45,xv,exact,828,836,Efik,Efik:7,828:836,döñ akam,Döñ akam
Efik-English,page_13,6,46,xe,exact,838,845,English,English:6,838:845,to pray,To pray
Efik-English,page_13,6,47,cf,exact,847,855,Efik,Efik:3;English:1,847:855,ef.; böñ,"Ef., Böñ"
Efik-English,page_13,7,48,lx,exact,857,862,Efik,Efik:3,857:862,du-ä',DU-Ä'
Efik-English,page_13,7,49,ps,exact,1784,1791,meta,,1784:1791,v. intr,v. intr
Efik-English,page_13,7,50,sn,structural,,,meta,,,4,4
Efik-English,page_13,7,51,ge,exact,876,921,English,English:34,876:921,to come far down; as a garment; to be flowing,"To come far down, as a garment; to be flowing"
Efik-English,page_13,7,52,sn,structural,,,meta,,,5,5
Efik-English,page_13,7,53,ge,compact,926,967,English,English:30,926:967,to fall out; result in; as a divination,"To fall out, result in, as a divination"
Efik-English,page_13,7,54,xv,exact,969,1001,Efik,Efik:22,969:1001,idiöñ öduä owo ke ëbüd; v.; unen,"Idiöñ öduä owo ke ëbüd, v., unen"
Efik-English,page_13,7,55,xe,exact,1003,1048,English,Efik:5;English:32,1003:1048,idiöñ directs the sacrifice of a goat or fowl,Idiöñ directs the sacrifice of a goat or fowl
Efik-English,page_13,8,56,lx,exact,1050,1056,Efik,Efik:2;English:2,1050:1056,du-at',DU-AT'
Efik-English,page_13,8,57,ps,exact,1947,1954,meta,,1947:1954,v. intr,v. intr
Efik-English,page_13,8,58,sn,structural,,,meta,,,3,3
Efik-English,page_13,8,59,ge,exact,1070,1105,English,English:29,1070:1105,to chatter; perhaps loudly in anger,"To chatter, perhaps loudly in anger"
Efik-English,page_13,8,60,ue,exact,1107,1135,English,English:23,1107:1135,spoken by some of the monkey,Spoken by some of the monkey
Efik-English,page_13,9,61,lx,exact,1137,1143,Efik,Efik:4,1137:1143,düb'-o,DÜB'-O
Efik-English,page_13,9,62,ps,exact,1985,1990,meta,,1985:1990,v. tr,v. tr
Efik-English,page_13,9,63,ge,exact,1152,1169,English,English:14,1152:1169,to silence; quiet,"To silence, quiet"
Efik-English,page_13,9,64,xv,exact,1171,1181,Efik,Efik:9,1171:1181,odübo uyüm,Odübo uyüm
Efik-English,page_13,9,65,xe,exact,1183,1204,English,English:18,1183:1204,he silences the noise,He silences the noise
Efik-English,page_13,9,66,xv,exact,1206,1216,Efik,Efik:8;English:1,1206:1216,odübo eköñ,Odübo eköñ
Efik-English,page_13,9,67,xe,exact,1218,1247,English,English:24,1218:1247,he quiets the strife; warfare,"He quiets the strife, warfare"
Efik-English,page_13,10,68,lx,exact,1249,1261,Efik,Efik:6;English:2,1249:1261,du-en'-du-en,DU-EN'-DU-EN
Efik-English,page_13,10,69,ps,exact,2374,2377,meta,,2374:2377,adv,adv
Efik-English,page_13,10,70,ge,compact,1268,1311,English,English:31,1268:1311,smooth; shining; e.g.; any thing polished,"Smooth; shining, e.g., any thing polished"
Efik-English,page_13,10,71,xv,exact,1313,1327,Efik,Efik:12,1313:1327,etie duen-duen,Etie duen-duen
Efik-English,page_13,10,72,xe,exact,1329,1350,English,English:18,1329:1350,it is highly polished,It is highly polished
Efik-English,page_13,11,73,lx,exact,1352,1358,English,Efik:1;English:3,1352:1358,düm'-o,DÜM'-O
Efik-English,page_13,11,74,hm,exact,1371,1372,meta,,1371:1372,2,2
Efik-English,page_13,11,75,ps,exact,2414,2419,meta,,2414:2419,v. tr,v. tr
Efik-English,page_13,11,76,sn,structural,,,meta,,,2,2
Efik-English,page_13,11,77,ge,exact,1374,1381,English,English:6,1374:1381,to burn,To burn
Efik-English,page_13,11,78,xv,exact,1383,1411,Efik,Efik:23,1383:1411,mö ëdümo adan; idümoke kande,"Mö ëdümo adan, idümoke kande"
Efik-English,page_13,11,79,xe,exact,1413,1439,English,English:21,1413:1439,they burn oil; not candles,"They burn oil, not candles"
Efik-English,page_13,12,80,lx,exact,1441,1447,Efik,Efik:2;English:2,1441:1447,du-oi',DU-OI'
Efik-English,page_13,12,81,ps,exact,2545,2552,meta,,2545:2552,v. intr,v. intr
Efik-English,page_13,12,82,sn,structural,,,meta,,,2,2
Efik-English,page_13,12,83,ge,exact,1461,1529,English,English:52,1461:1529,to fall or hang down; as the end of a napkin which should be tied up,"To fall or hang down, as the end of a napkin which should be tied up"
Efik-English,page_13,12,84,ue,exact,1531,1559,English,Efik:4;English:17,1531:1559,used by some as syn. of kpöm,Used by some as Syn. of Kpöm
Efik-English,page_13,13,85,lx,exact,1561,1567,Efik,Efik:4,1561:1567,du-ök',DU-ÖK'
Efik-English,page_13,13,86,ps,exact,71,76,meta,,71:76,v. tr,v. tr
Efik-English,page_13,13,87,sn,structural,,,meta,,,15,15
Efik-English,page_13,13,88,ge,exact,1580,1592,English,English:11,1580:1592,to overwhelm,To overwhelm
Efik-English,page_13,13,89,xv,exact,1594,1609,Efik,Efik:13,1594:1609,mfat öduök enye,Mfat öduök enye
Efik-English,page_13,13,90,xe,exact,1611,1632,English,English:18,1611:1632,mfat quite covers him,Mfat quite covers him
Efik-English,page_13,13,91,sn,structural,,,meta,,,16,16
Efik-English,page_13,13,92,ue,exact,1638,1642,meta,,1638:1642,trop,Trop
Efik-English,page_13,13,93,ge,exact,1644,1693,English,English:39,1644:1693,to shed; throw; as a glittering object its lustre,"To shed, throw, as a glittering object its lustre"
Efik-English,page_13,13,94,xv,exact,1695,1728,Efik,Efik:23,1695:1728,mba esie öduök idañ; v.; möñ okuk,"Mba esie öduök idañ, v., möñ okuk"
Efik-English,page_13,13,95,xe,exact,1730,1771,English,English:35,1730:1771,its wing glistens like plating or gilding,Its wing glistens like plating or gilding
Efik-English,page_13,14,96,lx,exact,1773,1782,Efik,Efik:4;English:2,1773:1782,du-ök'-hö,DU-ÖK'-HÖ
Efik-English,page_13,14,97,ps,exact,1784,1798,meta,,1784:1798,v. intr. & ref,v. intr. & ref
Efik-English,page_13,14,98,sn,structural,,,meta,,,1,1
Efik-English,page_13,14,99,ge,exact,1803,1850,English,English:40,1803:1850,to fail in accomplishing a purpose or agreement,To fail in accomplishing a purpose or agreement
Efik-English,page_13,14,100,sn,structural,,,meta,,,2,2
Efik-English,page_13,14,101,ge,exact,1855,1879,English,English:19,1855:1879,to throw one's-self upon,To throw one's-self upon
Efik-English,page_13,14,102,xv,exact,1881,1899,Efik,Efik:15,1881:1899,mö ëduökhö ke udia,Mö ëduökhö ke udia
Efik-English,page_13,14,103,xe,compact,1901,1935,English,English:27,1901:1935,they fall ravenously on the food,They fall ravenously on the food
Efik-English,page_13,15,104,lx,exact,1937,1945,Efik,Efik:3;English:2,1937:1945,du-öñ'-ö,DU-ÖÑ'-Ö
Efik-English,page_13,15,105,ps,exact,180,187,meta,,180:187,v. intr,v. intr
Efik-English,page_13,15,106,ge,exact,1956,1975,English,English:14,1956:1975,to lurch; as a ship,"To lurch, as a ship"
Efik-English,page_13,16,107,lx,exact,1977,1983,Efik,Efik:4,1977:1983,du-öt',DU-ÖT'
Efik-English,page_13,16,108,ps,exact,71,76,meta,,71:76,v. tr,v. tr
Efik-English,page_13,16,109,ge,exact,1992,2013,English,English:17,1992:2013,to make inert; feeble,"To make inert, feeble"
Efik-English,page_13,16,110,xv,exact,2015,2028,Efik,Efik:11,2015:2028,idem öduöt mi,Idem öduöt mi
Efik-English,page_13,16,111,xe,exact,2030,2047,English,English:15,2030:2047,i feel indisposed,I feel indisposed
Efik-English,page_13,16,112,sy,exact,2055,2058,meta,,2055:2058,mem,Mem
Efik-English,page_13,17,113,lx,exact,1977,1983,Efik,Efik:4,1977:1983,du-öt',DU-ÖT'
Efik-English,page_13,17,114,ps,exact,180,187,meta,,180:187,v. intr,v. intr
Efik-English,page_13,17,115,ge,exact,2077,2088,English,English:9,2077:2088,to be heavy,To be heavy
Efik-English,page_13,17,116,ue,exact,2090,2104,English,English:12,2090:2104,spoken of rain,Spoken of rain
Efik-English,page_13,17,117,xv,exact,2106,2132,Efik,Efik:18,2106:2132,edim öduöt; v.; edep öduöt,"Edim öduöt, v., edep öduöt"
Efik-English,page_13,17,118,xe,exact,2134,2156,English,English:19,2134:2156,the rain falls heavily,The rain falls heavily
Efik-English,page_13,18,119,lx,exact,2158,2164,English,Efik:1;English:3,2158:2164,dür'-o,DÜR'-O
Efik-English,page_13,18,120,ps,exact,71,76,meta,,71:76,v. tr,v. tr
Efik-English,page_13,18,121,ge,exact,2173,2183,English,English:8,2173:2183,to rest on,To rest on
Efik-English,page_13,18,122,xv,exact,2185,2198,Efik,Efik:11,2185:2198,odüro ke mben,Odüro ke mben
Efik-English,page_13,18,123,xe,exact,2200,2213,English,English:11,2200:2213,it is brimful,It is brimful
Efik-English,page_13,19,124,lx,exact,2583,2586,Efik,Efik:3,2583:2586,dut,DUT
Efik-English,page_13,19,125,hm,exact,1371,1372,meta,,1371:1372,2,2
Efik-English,page_13,19,126,ps,exact,2224,2237,meta,,2224:2237,v. intr. & tr,v. intr. & tr
Efik-English,page_13,19,127,ge,exact,2239,2265,English,English:20,2239:2265,to be stringy; tough; wiry,"To be stringy, tough, wiry"
Efik-English,page_13,19,128,xv,exact,2267,2276,Efik,Efik:8,2267:2276,unam odut,Unam odut
Efik-English,page_13,19,129,xe,exact,2278,2295,English,English:14,2278:2295,the beef is tough,The beef is tough
Efik-English,page_13,19,130,xv,exact,2297,2336,Efik,Efik:28,2297:2336,idem odut enye; v.; etie enye idut-idut,"Idem odut enye, v., etie enye idut-idut"
Efik-English,page_13,19,131,xe,exact,2338,2362,English,English:21,2338:2362,his sinews are prominent,His sinews are prominent
Efik-English,page_13,19,132,cf,exact,2364,2404,Efik,Efik:16;English:4,2364:2404,der. a. & adv.; idut-idut; and udut-udut,"Der. a. & adv., Idut-idut, and udut-udut"
Efik-English,page_13,20,133,lx,exact,2406,2412,Efik,Efik:4,2406:2412,du-tu',DU-TU'
Efik-English,page_13,20,134,ps,exact,71,76,meta,,71:76,v. tr,v. tr
Efik-English,page_13,20,135,ge,exact,2421,2462,English,English:31,2421:2462,to pick up; gather; to collect one by one,"To pick up, gather; to collect one by one"
Efik-English,page_13,20,136,ue,compact,2464,2516,English,English:40,2464:2516,used by some of small; by others of distant things,"Used by some of small, by others of distant things"
Efik-English,page_13,20,137,cf,exact,2518,2531,Efik,Efik:5,2518:2531,der. n. ndutu,Der. n. Ndutu
Efik-English,page_13,21,138,lx,exact,2533,2543,Efik,Efik:7,2533:2543,du-tuk'-hä,DU-TUK'-HÄ
Efik-English,page_13,21,139,ps,exact,180,187,meta,,180:187,v. intr,v. intr
Efik-English,page_13,21,140,ge,exact,2554,2580,English,English:22,2554:2580,to be afflicted; tormented,"To be afflicted, tormented"
Efik-English,page_13,21,141,xv,exact,2582,2598,Efik,Efik:14,2582:2598,odutukhä eti-eti,Odutukhä eti-eti
Efik-English,page_13,21,142,xe,exact,2600,2620,English,English:17,2600:2620,he is much afflicted,He is much afflicted
Evenki-Russian,page_1,0,0,lx,exact,0,6,Evenki,Evenki:6,0:6,аваскӣ,аваскӣ
Evenki-Russian,page_1,0,1,sn,structural,,,meta,,,1,1
Evenki-Russian,page_1,0,2,dl,exact,10,13,meta,,10:13,п-т,П-Т
Evenki-Russian,page_1,0,3,gn,compact,14,41,Russian,Russian:20,14:41,в каку́ю сто́рону?; куда́?,в каку́ю сто́рону?; куда́?
Evenki-Russian,page_1,0,4,sn,structural,,,meta,,,2,2
Evenki-Russian,page_1,0,5,dl,exact,47,48,meta,,47:48,н,Н
Evenki-Russian,page_1,0,6,gn,exact,49,64,Russian,Russian:13,49:64,в любо́е ме́сто,в любо́е ме́сто
Evenki-Russian,page_1,0,7,un,exact,65,72,Russian,Russian:7,65:72,отсю́да,отсю́да
Evenki-Russian,page_1,0,8,lf,partial,84,90,Evenki,Evenki:6,84:90,antonym = эвэскӣ,Antonym = эвэскӣ
Evenki-Russian,page_1,0,9,ln,compact,91,113,Russian,Russian:16,91:113,сюда́; в э́то ме́сто,"сюда́, в э́то ме́сто"
Evenki-Russian,page_1,0,10,et,compact,116,132,Evenki,Evenki:6,116:132,[нег; эвен] аваски,"[Нег, Эвен] аваски"
Evenki-Russian,page_1,0,11,eg,exact,173,178,Russian,Russian:5,173:178,куда́,куда́
Evenki-Russian,page_1,0,12,et,compact,134,148,Evenki,Evenki:7,134:148,[орок] хавасаи,[Орок] хавасаи
Evenki-Russian,page_1,0,13,eg,exact,36,41,Russian,Russian:5,36:41,куда́,куда́
Evenki-Russian,page_1,0,14,et,compact,150,161,Evenki,Evenki:6,150:161,[ульч] хаваси,[Ульч] хаваси
Evenki-Russian,page_1,0,15,eg,exact,36,41,Russian,Russian:5,36:41,куда́,куда́
Evenki-Russian,page_1,0,16,et,compact,163,172,Evenki,Evenki:5,163:172,[нан] хаоси,[Нан] хаоси
Evenki-Russian,page_1,0,17,eg,exact,36,41,Russian,Russian:5,36:41,куда́,куда́
Evenki-Russian,page_1,1,18,lx,exact,181,186,Evenki,Evenki:5,181:186,авахӣ,авахӣ
Evenki-Russian,page_1,1,19,dl,exact,187,212,Evenki,Evenki:2,187:212,з; хнг; учр; урм; сх; чмк,"З, Хнг, Учр, Урм, Сх, Чмк"
Evenki-Russian,page_1,1,20,sn,structural,,,meta,,,1,1
Evenki-Russian,page_1,1,21,gn,exact,216,220,Russian,Russian:4,216:220,враг,враг
Evenki-Russian,page_1,1,22,cf,exact,226,231,Evenki,Evenki:5,226:231,булэн,булэн
Evenki-Russian,page_1,1,23,sn,structural,,,meta,,,2,2
Evenki-Russian,page_1,1,24,gn,exact,238,242,Russian,Russian:4,238:242,чёрт,чёрт
Evenki-Russian,page_1,1,25,cf,exact,248,253,Evenki,Evenki:5,248:253,харги,харги
Evenki-Russian,page_1,1,26,et,compact,257,266,Evenki,Evenki:6,257:266,[як] абааһы,[Як] абааһы
Evenki-Russian,page_1,1,27,eg,exact,267,280,Russian,Russian:11,267:280,чёрт; дья́вол,"чёрт, дья́вол"
Evenki-Russian,page_1,2,28,lx,exact,283,288,Evenki,Evenki:5,283:288,авачӣ,авачӣ
Evenki-Russian,page_1,2,29,dl,exact,289,292,meta,,289:292,брг,Брг
Evenki-Russian,page_1,2,30,gn,exact,324,341,Russian,Russian:15,324:341,дух-хозя́ин ле́са,дух-хозя́ин ле́са
Evenki-Russian,page_1,2,31,un,compact,293,322,Russian,Russian:25,293:322,по суеверным представлениям,по суеверным представлениям
Evenki-Russian,page_1,2,32,cf,exact,347,355,Evenki,Evenki:8,347:355,а̄гитка̄,а̄гитка̄
Evenki-Russian,page_1,3,33,lx,exact,357,361,Evenki,Evenki:4,357:361,аввӯ,аввӯ
Evenki-Russian,page_1,3,34,dl,exact,362,370,meta,,362:370,ткм; с-б,"Ткм, С-Б"
Evenki-Russian,page_1,3,35,gn,exact,371,379,Russian,Russian:8,371:379,кото́рый,кото́рый
Evenki-Russian,page_1,3,36,cf,exact,385,391,Evenki,Evenki:4,385:391,авгӯ 1,авгӯ 1
Evenki-Russian,page_1,4,37,lx,exact,393,400,Evenki,Evenki:6,393:400,авга-мӣ,авга-мӣ
Evenki-Russian,page_1,4,38,dl,exact,401,425,meta,,401:425,п-т; н; с-б; з; алд; учр,"П-Т, Н, С-Б, З, Алд, Учр"
Evenki-Russian,page_1,4,39,sn,structural,,,meta,,,1,1
Evenki-Russian,page_1,4,40,gn,exact,429,438,Russian,Russian:9,429:438,срасти́сь,срасти́сь
Evenki-Russian,page_1,4,41,un,exact,439,447,Russian,Russian:7,439:447,о костях,о костях
Evenki-Russian,page_1,4,42,gn,exact,961,968,Russian,Russian:7,961:968,зажи́ть,зажи́ть
Evenki-Russian,page_1,4,43,un,exact,969,975,Russian,Russian:5,969:975,о ране,о ране
Evenki-Russian,page_1,4,44,sn,structural,,,meta,,,2,2
Evenki-Russian,page_1,4,45,gn,exact,472,484,Russian,Russian:12,472:484,попра́виться,попра́виться
Evenki-Russian,page_1,4,46,cf,exact,490,497,Evenki,Evenki:6,490:497,абга-мӣ,абга-мӣ
Evenki-Russian,page_1,5,47,lx,exact,1760,1766,Evenki,Evenki:6,1760:1766,авгавӯ,авгавӯ
Evenki-Russian,page_1,5,48,dl,exact,1995,2002,meta,,1995:2002,урм; сх,"Урм, Сх"
Evenki-Russian,page_1,5,49,va,exact,515,521,Evenki,Evenki:6,515:521,авгагӯ,авгагӯ
Evenki-Russian,page_1,5,50,dl,exact,2294,2297,meta,,2294:2297,чмк,Чмк
Evenki-Russian,page_1,5,51,gn,exact,371,379,Russian,Russian:8,371:379,кото́рый,кото́рый
Evenki-Russian,page_1,5,52,cf,exact,385,389,Evenki,Evenki:4,385:389,авгӯ,авгӯ
Evenki-Russian,page_1,6,53,lx,exact,546,555,Evenki,Evenki:8,546:555,авгани-мӣ,авгани-мӣ
Evenki-Russian,page_1,6,54,dl,exact,2352,2355,meta,,2352:2355,урм,Урм
Evenki-Russian,page_1,6,55,gn,compact,560,583,Russian,Russian:19,560:583,пожелте́ть; завя́нуть,"пожелте́ть, завя́нуть"
Evenki-Russian,page_1,6,56,cf,exact,589,597,Evenki,Evenki:7,589:597,авгун-мӣ,авгун-мӣ
Evenki-Russian,page_1,7,57,lx,exact,599,608,Evenki,Evenki:9,599:608,авганича̄,авганича̄
Evenki-Russian,page_1,7,58,dl,exact,2685,2688,meta,,2685:2688,урм,Урм
Evenki-Russian,page_1,7,59,sn,structural,,,meta,,,1,1
Evenki-Russian,page_1,7,60,gn,exact,616,635,Russian,Russian:18,616:635,пожелте́вшая трава́,пожелте́вшая трава́
Evenki-Russian,page_1,7,61,sn,structural,,,meta,,,2,2
Evenki-Russian,page_1,7,62,gn,exact,640,648,Russian,Russian:8,640:648,увя́дший,увя́дший
Evenki-Russian,page_1,7,63,un,exact,2214,2229,Russian,Russian:12,2214:2229,о траве; листве,"о траве, листве"
Evenki-Russian,page_1,7,64,cf,exact,673,681,Evenki,Evenki:8,673:681,авгунча̄,авгунча̄
Evenki-Russian,page_1,8,65,lx,exact,683,690,Evenki,Evenki:7,683:690,авгара̄,авгара̄
Evenki-Russian,page_1,8,66,dl,exact,691,745,meta,,691:745,п-т; н; е; и; бнт; брг; тнг; з; алд; учр; урм; чмк; сх,"П-Т, Н, Е, И, Бнт, Брг, Тнг, З, Алд, Учр, Урм, Чмк, Сх"
Evenki-Russian,page_1,8,67,sn,structural,,,meta,,,1,1
Evenki-Russian,page_1,8,68,gn,exact,749,758,Russian,Russian:9,749:758,здоро́вье,здоро́вье
Evenki-Russian,page_1,8,69,sn,structural,,,meta,,,2,2
Evenki-Russian,page_1,8,70,gn,exact,763,772,Russian,Russian:9,763:772,здоро́вый,здоро́вый
Evenki-Russian,page_1,8,71,cf,exact,778,785,Evenki,Evenki:7,778:785,абгара̄,абгара̄
Evenki-Russian,page_1,8,72,et,compact,787,803,Evenki,Evenki:10,787:803,[сол] авгар; аггар,"[Сол] авгар, аггар"
Evenki-Russian,page_1,8,73,eg,exact,763,772,Russian,Russian:9,763:772,здоро́вый,здоро́вый
Evenki-Russian,page_1,8,74,et,compact,805,815,Evenki,Evenki:5,805:815,[эвен] абгар,[Эвен] абгар
Evenki-Russian,page_1,8,75,eg,exact,763,772,Russian,Russian:9,763:772,здоро́вый,здоро́вый
Evenki-Russian,page_1,9,76,lx,exact,828,838,Evenki,Evenki:9,828:838,авгара̄-мӣ,авгара̄-мӣ
Evenki-Russian,page_1,9,77,pd,exact,844,854,Evenki,Evenki:10,844:854,авгара̄рэн,авгара̄рэн
Evenki-Russian,page_1,9,78,un,exact,839,843,meta,,839:843,3 л.,3 л.
Evenki-Russian,page_1,9,79,dl,exact,856,911,meta,,856:911,п-т; н; е; и; бнт; брг; с-б; тнг; з; алд; учр; урм; чмк,"П-Т, Н, Е, И, Бнт, Брг, С-Б, Тнг, З, Алд, Учр, Урм, Чмк"
Evenki-Russian,page_1,9,80,sn,structural,,,meta,,,1,1
Evenki-Russian,page_1,9,81,gn,compact,915,956,Russian,Russian:35,915:956,попра́виться; вы́здороветь; вы́лечиться,"попра́виться, вы́здороветь, вы́лечиться"
Evenki-Russian,page_1,9,82,sn,structural,,,meta,,,2,2
Evenki-Russian,page_1,9,83,gn,exact,961,968,Russian,Russian:7,961:968,зажи́ть,зажи́ть
Evenki-Russian,page_1,9,84,un,exact,460,466,Russian,Russian:5,460:466,о ране,о ране
Evenki-Russian,page_1,9,85,sn,structural,,,meta,,,3,3
Evenki-Russian,page_1,9,86,dl,exact,10,13,meta,,10:13,п-т,П-Т
Evenki-Russian,page_1,9,87,gn,exact,985,992,Russian,Russian:7,985:992,лечи́ть,лечи́ть
Evenki-Russian,page_1,9,88,cf,token,998,1004,Evenki,Evenki:5,998:1001;1002:1004,айт-мӣ 1,айт-мӣ 1
Evenki-Russian,page_1,10,89,lx,exact,1008,1019,Evenki,Evenki:10,1008:1019,авгара̄в-мӣ,авгара̄в-мӣ
Evenki-Russian,page_1,10,90,dl,exact,401,407,meta,,401:407,п-т; н,"П-Т, Н"
Evenki-Russian,page_1,10,91,va,compact,1028,1043,Evenki,Evenki:12,1028:1043,авгара̄нму-мӣ,авгара̄нму-мӣ
Evenki-Russian,page_1,10,92,gn,exact,1044,1060,Russian,Russian:15,1044:1060,быть вы́леченным,быть вы́леченным
Evenki-Russian,page_1,11,93,lx,exact,1062,1070,Evenki,Evenki:8,1062:1070,авгара̄т,авгара̄т
Evenki-Russian,page_1,11,94,dl,exact,10,13,meta,,10:13,п-т,П-Т
Evenki-Russian,page_1,11,95,xv,exact,1076,1091,Evenki,Evenki:13,1076:1091,авгара̄т бикэл!,авгара̄т бикэл!
Evenki-Russian,page_1,11,96,xn,exact,1111,1124,Russian,Russian:11,1111:1124,будь здоро́в!,будь здоро́в!
Evenki-Russian,page_1,11,97,xv,exact,1093,1110,Evenki,Evenki:15,1093:1110,авгара̄т бидекэл!,авгара̄т бидекэл!
Evenki-Russian,page_1,11,98,xn,exact,1126,1134,Russian,Russian:7,1126:1134,проща́й!,проща́й!
Evenki-Russian,page_1,11,99,lt,exact,1135,1155,Russian,Russian:17,1135:1155,букв. здоро́во живи́,букв. здоро́во живи́
Evenki-Russian,page_1,11,100,cf,exact,1162,1170,Evenki,Evenki:8,1162:1170,абгара̄т,абгара̄т
Evenki-Russian,page_1,12,101,lx,exact,1172,1184,Evenki,Evenki:12,1172:1184,авгискӣта̄нэ,авгискӣта̄нэ
Evenki-Russian,page_1,12,102,dl,exact,1185,1209,meta,,1185:1209,п-т; н; тнг; з; учр; урм,"П-Т, Н, Тнг, З, Учр, Урм"
Evenki-Russian,page_1,12,103,gn,exact,1210,1265,Russian,Russian:45,1210:1265,в ра́зных места́х; в ра́зные места́; по ра́зным места́м,в ра́зных места́х; в ра́зные места́; по ра́зным места́м
Evenki-Russian,page_1,12,104,xv,exact,1267,1310,Evenki,Evenki:40,1267:1310,орочӣл бригадал авгискӣта̄нэ нулгиктэдечэ̄л,орочӣл бригадал авгискӣта̄нэ нулгиктэдечэ̄л
Evenki-Russian,page_1,12,105,xn,compact,1311,1362,Russian,Russian:44,1311:1362,брига́ды оленево́дов кочева́ли по ра́зным места́м,брига́ды оленево́дов кочева́ли по ра́зным места́м
Evenki-Russian,page_1,13,106,lx,exact,1364,1369,Evenki,Evenki:5,1364:1369,авгит,авгит
Evenki-Russian,page_1,13,107,sn,structural,,,meta,,,1,1
Evenki-Russian,page_1,13,108,dl,exact,1373,1394,meta,,1373:1394,п-т; н; и; з; учр; сх,"П-Т, Н, И, З, Учр, Сх"
Evenki-Russian,page_1,13,109,gn,exact,1395,1402,Russian,Russian:7,1395:1402,отку́да,отку́да
Evenki-Russian,page_1,13,110,xv,exact,1404,1419,Evenki,Evenki:14,1404:1419,авгит эдындерэн,авгит эдындерэн
Evenki-Russian,page_1,13,111,xn,exact,1420,1434,Russian,Russian:12,1420:1434,отку́да ду́ет?,отку́да ду́ет?
Evenki-Russian,page_1,13,112,sn,structural,,,meta,,,2,2
Evenki-Russian,page_1,13,113,dl,exact,2700,2702,meta,,2700:2702,сх,Сх
Evenki-Russian,page_1,13,114,gn,exact,1442,1459,Russian,Russian:15,1442:1459,из любо́го ме́ста,из любо́го ме́ста
Evenki-Russian,page_1,13,115,cf,exact,1465,1472,Evenki,Evenki:7,1465:1472,авгӯгит,авгӯгит
Evenki-Russian,page_1,14,116,lx,exact,1474,1483,Evenki,Evenki:8,1474:1483,авгит-вал,авгит-вал
Evenki-Russian,page_1,14,117,dl,exact,1373,1394,meta,,1373:1394,п-т; н; и; з; учр; сх,"П-Т, Н, И, З, Учр, Сх"
Evenki-Russian,page_1,14,118,gn,exact,1506,1520,Russian,Russian:13,1506:1520,отку́да-нибудь,отку́да-нибудь
Evenki-Russian,page_1,15,119,lx,exact,1522,1531,Evenki,Evenki:8,1522:1531,авгит-та̄,авгит-та̄
Evenki-Russian,page_1,15,120,dl,exact,1373,1394,meta,,1373:1394,п-т; н; и; з; учр; сх,"П-Т, Н, И, З, Учр, Сх"
Evenki-Russian,page_1,15,121,gn,exact,1554,1563,Russian,Russian:9,1554:1563,ниотку́да,ниотку́да
Evenki-Russian,page_1,16,122,lx,exact,385,389,Evenki,Evenki:4,385:389,авгӯ,авгӯ
Evenki-Russian,page_1,16,123,sn,structural,,,meta,,,1,1
Evenki-Russian,page_1,16,124,dl,exact,1576,1614,meta,,1576:1614,п-т; н; с-б; брг; з; учр; урм; чмк; сх,"П-Т, Н, С-Б, Брг, З, Учр, Урм, Чмк, Сх"
Evenki-Russian,page_1,16,125,gn,exact,371,379,Russian,Russian:8,371:379,кото́рый,кото́рый
Evenki-Russian,page_1,16,126,un,exact,1624,1632,Russian,Russian:7,1624:1632,по счёту,по счёту
Evenki-Russian,page_1,16,127,sn,structural,,,meta,,,2,2
Evenki-Russian,page_1,16,128,dl,exact,367,370,meta,,367:370,с-б,С-Б
Evenki-Russian,page_1,16,129,gn,exact,1642,1648,Russian,Russian:6,1642:1648,како́й,како́й
Evenki-Russian,page_1,16,130,dl,exact,205,207,meta,,205:207,сх,Сх
Evenki-Russian,page_1,16,131,gn,compact,1656,1702,Russian,Russian:37,1656:1702,любо́е ме́сто; кро́ме того́; где нахо́дишься,"любо́е ме́сто, кро́ме того́, где нахо́дишься"
Evenki-Russian,page_1,16,132,un,exact,1703,1717,Russian,Russian:12,1703:1717,сидишь; стоишь,"сидишь, стоишь"
Evenki-Russian,page_1,16,133,cf,exact,1724,1728,Evenki,Evenki:4,1724:1728,абгӯ,абгӯ
Evenki-Russian,page_1,16,134,cf,exact,1730,1735,Evenki,Evenki:5,1730:1735,ававӯ,ававӯ
Evenki-Russian,page_1,16,135,cf,exact,1737,1742,Evenki,Evenki:5,1737:1742,авагӯ,авагӯ
Evenki-Russian,page_1,16,136,cf,exact,357,361,Evenki,Evenki:4,357:361,аввӯ,аввӯ
Evenki-Russian,page_1,16,137,cf,exact,515,521,Evenki,Evenki:6,515:521,авгагӯ,авгагӯ
Evenki-Russian,page_1,16,138,cf,exact,499,505,Evenki,Evenki:6,499:505,авгавӯ,авгавӯ
Evenki-Russian,page_1,16,139,cf,exact,1768,1774,Evenki,Evenki:6,1768:1774,ады̄гӣ,ады̄гӣ
Evenki-Russian,page_1,16,140,et,compact,1776,1783,Evenki,Evenki:3,1776:1783,[сол] агу,[Сол] агу
Evenki-Russian,page_1,16,141,eg,exact,1784,1796,Russian,Russian:10,1784:1796,кто; вся́кий,"кто, вся́кий"
Evenki-Russian,page_1,16,142,et,compact,1798,1808,Evenki,Evenki:5,1798:1808,[эвен] авгуг,[Эвен] авгуг
Evenki-Russian,page_1,16,143,eg,exact,1809,1826,Russian,Russian:14,1809:1826,кото́рый; что́ за,"кото́рый, что́ за"
Evenki-Russian,page_1,16,144,et,compact,1828,1838,Evenki,Evenki:9,1828:1838,[орок] хайду,[Орок] хайду
Evenki-Russian,page_1,16,145,eg,exact,371,379,Russian,Russian:8,371:379,кото́рый,кото́рый
Evenki-Russian,page_1,16,146,et,compact,1840,1855,Evenki,Evenki:5,1840:1855,[ульч; нан] хавуй,"[Ульч, Нан] хавуй"
Evenki-Russian,page_1,16,147,eg,exact,371,379,Russian,Russian:8,371:379,кото́рый,кото́рый
Evenki-Russian,page_1,17,148,lx,exact,1869,1877,Evenki,Evenki:7,1869:1877,авгӯ-вал,авгӯ-вал
Evenki-Russian,page_1,17,149,dl,exact,401,407,meta,,401:407,п-т; н,"П-Т, Н"
Evenki-Russian,page_1,17,150,gn,compact,1885,1911,Russian,Russian:20,1885:1911,како́й-то; како́й-нибудь,"како́й-то, како́й-нибудь"
Evenki-Russian,page_1,17,151,cf,exact,1917,1925,Evenki,Evenki:7,1917:1925,абгӯ-вал,абгӯ-вал
Evenki-Russian,page_1,18,152,lx,exact,1465,1472,Evenki,Evenki:7,1465:1472,авгӯгит,авгӯгит
Evenki-Russian,page_1,18,153,dl,exact,401,407,meta,,401:407,п-т; н,"П-Т, Н"
Evenki-Russian,page_1,18,154,gn,exact,1395,1402,Russian,Russian:7,1395:1402,отку́да,отку́да
Evenki-Russian,page_1,18,155,cf,exact,1364,1369,Evenki,Evenki:5,1364:1369,авгит,авгит
Evenki-Russian,page_1,19,156,lx,exact,1962,1968,Evenki,Evenki:6,1962:1968,авгӯдӯ,авгӯдӯ
Evenki-Russian,page_1,19,157,dl,exact,1969,2002,meta,,1969:2002,п-т; н; с-б; брг; з; учр; урм; сх,"П-Т, Н, С-Б, Брг, З, Учр, Урм, Сх"
Evenki-Russian,page_1,19,158,gn,compact,2003,2026,Russian,Russian:16,2003:2026,где?; в како́м ме́сте?,"где?, в како́м ме́сте?"
Evenki-Russian,page_1,20,159,lx,exact,589,597,Evenki,Evenki:7,589:597,авгун-мӣ,авгун-мӣ
Evenki-Russian,page_1,20,160,dl,exact,2037,2059,meta,,2037:2059,олкм; тнг; з; хнг; учр,"Олкм, Тнг, З, Хнг, Учр"
Evenki-Russian,page_1,20,161,gn,exact,2060,2081,Russian,Russian:19,2060:2081,завя́нуть; пожелте́ть,"завя́нуть, пожелте́ть"
Evenki-Russian,page_1,20,162,un,compact,2082,2100,Russian,Russian:13,2082:2100,о листьях; траве,"о листьях, траве"
Evenki-Russian,page_1,20,163,cf,exact,2107,2114,Evenki,Evenki:6,2107:2114,абгӯ-мӣ,абгӯ-мӣ
Evenki-Russian,page_1,20,164,cf,compact,2116,2127,Evenki,Evenki:8,2116:2127,авганӣ-мӣ,авганӣ-мӣ
Evenki-Russian,page_1,21,165,lx,exact,673,681,Evenki,Evenki:8,673:681,авгунча̄,авгунча̄
Evenki-Russian,page_1,21,166,dl,exact,2138,2163,meta,,2138:2163,тнг; з; хнг; учр; урм; сх,"Тнг, З, Хнг, Учр, Урм, Сх"
Evenki-Russian,page_1,21,167,sn,structural,,,meta,,,1,1
Evenki-Russian,page_1,21,168,gn,exact,616,635,Russian,Russian:18,616:635,пожелте́вшая трава́,пожелте́вшая трава́
Evenki-Russian,page_1,21,169,sn,structural,,,meta,,,2,2
Evenki-Russian,page_1,21,170,gn,exact,2191,2213,Russian,Russian:20,2191:2213,увя́дший; пожелте́вший,"увя́дший, пожелте́вший"
Evenki-Russian,page_1,21,171,un,exact,2214,2229,Russian,Russian:12,2214:2229,о траве; листве,"о траве, листве"
Evenki-Russian,page_1,21,172,cf,exact,599,608,Evenki,Evenki:9,599:608,авганича̄,авганича̄
Evenki-Russian,page_1,22,173,lx,exact,2247,2253,Evenki,Evenki:6,2247:2253,август,август
Evenki-Russian,page_1,22,174,gn,exact,2254,2261,Russian,Russian:7,2254:2261,а́вгуст,а́вгуст
Evenki-Russian,page_1,23,175,lx,exact,2263,2268,Evenki,Evenki:5,2263:2268,авдан,авдан
Evenki-Russian,page_1,23,176,dl,exact,2706,2707,Russian,Russian:1,2706:2707,с,С
Evenki-Russian,page_1,23,177,va,exact,2272,2279,Evenki,Evenki:7,2272:2279,авданда,авданда
Evenki-Russian,page_1,23,178,dl,compact,2280,2297,meta,,2280:2297,с-б; бнт; учр; чмк,"С-Б, Бнт, Учр, Чмк"
Evenki-Russian,page_1,23,179,gn,exact,658,662,Russian,Russian:4,658:662,лист,лист
Evenki-Russian,page_1,23,180,cf,exact,2308,2315,Evenki,Evenki:7,2308:2315,авданна,авданна
Evenki-Russian,page_1,24,181,lx,exact,2308,2315,Evenki,Evenki:7,2308:2315,авданна,авданна
Evenki-Russian,page_1,24,182,dl,exact,2325,2364,meta,,2325:2364,п-т; н; е; и; брг; з; алд; урм; чмк; сх,"П-Т, Н, Е, И, Брг, З, Алд, Урм, Чмк, Сх"
Evenki-Russian,page_1,24,183,gn,exact,658,662,Russian,Russian:4,658:662,лист,лист
Evenki-Russian,page_1,24,184,un,compact,2370,2380,Russian,Russian:8,2370:2380,растения,растения
Evenki-Russian,page_1,24,185,cf,exact,2387,2392,Evenki,Evenki:5,2387:2392,абдан,абдан
Evenki-Russian,page_1,24,186,cf,exact,2394,2401,Evenki,Evenki:7,2394:2401,абданда,абданда
Evenki-Russian,page_1,24,187,cf,compact,2403,2413,Evenki,Evenki:8,2403:2413,абдандра,абдандра
Evenki-Russian,page_1,24,188,cf,exact,2415,2422,Evenki,Evenki:7,2415:2422,абданна,абданна
Evenki-Russian,page_1,24,189,cf,exact,2424,2431,Evenki,Evenki:7,2424:2431,абдарна,абдарна
Evenki-Russian,page_1,24,190,cf,compact,2433,2442,Evenki,Evenki:7,2433:2442,абдонно,абдонно
Evenki-Russian,page_1,24,191,cf,exact,2263,2268,Evenki,Evenki:5,2263:2268,авдан,авдан
Evenki-Russian,page_1,24,192,cf,exact,2272,2279,Evenki,Evenki:7,2272:2279,авданда,авданда
Evenki-Russian,page_1,24,193,cf,exact,2613,2620,Evenki,Evenki:7,2613:2620,авдарна,авдарна
Evenki-Russian,page_1,24,194,cf,exact,2471,2476,Evenki,Evenki:5,2471:2476,аудан,аудан
Evenki-Russian,page_1,24,195,et,compact,2478,2488,Evenki,Evenki:6,2478:2488,[нег] абдана,[Нег] абдана
Evenki-Russian,page_1,24,196,et,compact,2490,2502,Evenki,Evenki:7,2490:2502,[эвен] эбдэнрэ,[Эвен] эбдэнрэ
Evenki-Russian,page_1,24,197,et,compact,2504,2515,Evenki,Evenki:7,2504:2515,[ороч] абдаса,[Ороч] абдаса
Evenki-Russian,page_1,24,198,et,compact,2517,2530,Evenki,Evenki:8,2517:2530,[орок] хамдатта,[Орок] хамдатта
Evenki-Russian,page_1,24,199,et,compact,2532,2542,Evenki,Evenki:7,2532:2542,[удэ] абдехэ,[Удэ] абдехэ
Evenki-Russian,page_1,24,200,et,compact,2544,2561,Evenki,Evenki:7,2544:2561,[ульч; нан] хабдата,"[Ульч, Нан] хабдата"
Evenki-Russian,page_1,24,201,et,compact,2563,2580,Evenki,Evenki:12,2563:2580,[ман] абдаха; афаха,"[Ман] абдаха, афаха"
Evenki-Russian,page_1,25,202,lx,exact,2583,2593,Evenki,Evenki:10,2583:2593,авданнакāн,авданнакāн
Evenki-Russian,page_1,25,203,gn,exact,2594,2612,Russian,Russian:16,2594:2612,лепесто́к; листо́к,"лепесто́к, листо́к"
Evenki-Russian,page_1,26,204,lx,exact,2613,2620,Evenki,Evenki:7,2613:2620,авдарна,авдарна
Evenki-Russian,page_1,26,205,dl,exact,715,718,meta,,715:718,тнг,Тнг
Evenki-Russian,page_1,26,206,gn,exact,658,662,Russian,Russian:4,658:662,лист,лист
Evenki-Russian,page_1,26,207,cf,exact,2308,2315,Evenki,Evenki:7,2308:2315,авданна,авданна
Evenki-Russian,page_1,27,208,lx,exact,2646,2650,Evenki,Evenki:4,2646:2650,авду,авду
Evenki-Russian,page_1,27,209,dl,exact,2651,2702,meta,,2651:2702,п-т; н; е; бнт; брг; тнг; з; учр; урм; чмк; с-б; сх,"П-Т, Н, Е, Бнт, Брг, Тнг, З, Учр, Урм, Чмк, С-Б, Сх"
Evenki-Russian,page_1,27,210,sn,structural,,,meta,,,1,1
Evenki-Russian,page_1,27,211,gn,exact,2706,2736,Russian,Russian:26,2706:2736,скот; ста́до дома́шних оле́ней,скот; ста́до дома́шних оле́ней
Greek-English,page_38,0,0,lx,exact,39,48,Greek,Greek:9,39:48,᾿αδραστος,᾿Αδραστος
Greek-English,page_38,0,1,cf,exact,54,67,Greek,Greek:13,54:67,᾿αναπόδραστος,᾿Αναπόδραστος
Greek-English,page_38,1,2,lx,exact,69,77,Greek,Greek:8,69:77,᾿αδράχνω,᾿Αδράχνω
Greek-English,page_38,1,3,ps,exact,79,83,English,English:2,79:83,v. a,v. a
Greek-English,page_38,1,4,ue,exact,85,88,English,English:3,85:88,vul,vul
Greek-English,page_38,1,5,ge,exact,90,108,English,English:14,90:108,to seize; to catch,"to seize, to catch"
Greek-English,page_38,2,6,lx,exact,110,123,Greek,Greek:11,110:123,᾿αδρεπτος; ον,"᾿Αδρεπτος, ον"
Greek-English,page_38,2,7,ps,exact,125,126,English,English:1,125:126,a,a
Greek-English,page_38,2,8,ge,exact,128,162,English,English:29,128:162,unplucked; ungathered; not cropped,"unplucked, ungathered, not cropped"
Greek-English,page_38,3,9,lx,exact,164,177,Greek,Greek:9,164:177,῾αδρὸς; ὰ; ὸν,"῾Αδρὸς, ὰ, ὸν"
Greek-English,page_38,3,10,ps,exact,179,180,English,English:1,179:180,a,a
Greek-English,page_38,3,11,ge,exact,182,236,English,English:42,182:236,magnificent; great; abundant; rich; robust; big; large,"magnificent, great, abundant, rich, robust, big, large"
Greek-English,page_38,4,12,lx,exact,238,252,Greek,Greek:12,238:252,῾αδρότης; ητος,"῾Αδρότης, ητος"
Greek-English,page_38,4,13,ps,exact,254,258,English,English:2,254:258,s. f,s. f
Greek-English,page_38,4,14,ge,compact,260,303,English,English:35,260:303,abundance; exuberance; largeness; bigness,"abundance, exuberance, largeness, bigness"
Greek-English,page_38,5,15,lx,exact,305,311,Greek,Greek:6,305:311,῾αδρῶς,῾Αδρῶς
Greek-English,page_38,5,16,ps,exact,313,316,English,English:3,313:316,adv,adv
Greek-English,page_38,5,17,ge,compact,318,383,English,English:52,318:383,abundantly; magnificently; with profusion; richly; handsomely,"abundantly, magnificently, with profusion, richly, handsomely"
Greek-English,page_38,6,18,lx,exact,385,398,Greek,Greek:11,385:398,᾿αδυναμία; ας,"᾿Αδυναμία, ας"
Greek-English,page_38,6,19,ps,exact,400,404,English,English:2,400:404,s. f,s. f
Greek-English,page_38,6,20,ge,compact,406,462,English,English:46,406:462,weakness; feebleness; debility; languidness; inability,"weakness, feebleness, debility, languidness, inability"
Greek-English,page_38,7,21,lx,exact,464,479,Greek,Greek:13,464:479,᾿αδυνάμωτος; ον,"᾿Αδυνάμωτος, ον"
Greek-English,page_38,7,22,ps,exact,481,482,English,English:1,481:482,a,a
Greek-English,page_38,7,23,ge,exact,484,515,English,English:27,484:515,not strengthened; not fortified,"not strengthened, not fortified"
Greek-English,page_38,8,24,lx,exact,517,534,Greek,Greek:15,517:534,᾿αδυνάστευτος; ον,"᾿Αδυνάστευτος, ον"
Greek-English,page_38,8,25,ps,exact,536,537,English,English:1,536:537,a,a
Greek-English,page_38,8,26,ge,exact,539,552,English,English:12,539:552,not oppressed,not oppressed
Greek-English,page_38,9,27,lx,exact,554,562,Greek,Greek:8,554:562,᾿αδύνατα,᾿Αδύνατα
Greek-English,page_38,9,28,ps,exact,564,567,English,English:3,564:567,adv,adv
Greek-English,page_38,9,29,ue,exact,569,572,English,English:3,569:572,vul,vul
Greek-English,page_38,9,30,ge,compact,574,602,English,English:22,574:602,weakly; feebly; impossibly,"weakly, feebly, impossibly"
Greek-English,page_38,10,31,lx,exact,604,614,Greek,Greek:10,604:614,᾿αδυνατίζω,᾿Αδυνατίζω
Greek-English,page_38,10,32,sn,structural,,,meta,,,1,1
Greek-English,page_38,10,33,ps,exact,616,620,English,English:2,616:620,v. a,v. a
Greek-English,page_38,10,34,ge,compact,622,646,English,English:18,622:646,to weaken; to enfeeble,"to weaken, to enfeeble"
Greek-English,page_38,10,35,sn,structural,,,meta,,,2,2
Greek-English,page_38,10,36,ps,exact,648,652,English,English:2,648:652,v. n,v. n
Greek-English,page_38,10,37,ge,exact,654,676,English,English:18,654:676,to become weak; feeble,"to become weak, feeble"
Greek-English,page_38,10,38,sn,structural,,,meta,,,3,3
Greek-English,page_38,10,39,uv,exact,678,692,Greek,Greek:13,678:692,γίνομαι ἰσχνὸς,γίνομαι ἰσχνὸς
Greek-English,page_38,10,40,ge,exact,694,714,English,English:16,694:714,to grow thin or lean,to grow thin or lean
Greek-English,page_38,11,41,lx,exact,716,733,Greek,Greek:15,716:733,᾿αδυνάτισμα; ατος,"᾿Αδυνάτισμα, ατος"
Greek-English,page_38,11,42,ps,exact,735,739,English,English:2,735:739,s. n,s. n
Greek-English,page_38,11,43,ge,compact,741,761,English,English:16,741:761,weakness; debility,"weakness, debility"
Greek-English,page_38,12,44,lx,exact,763,776,Greek,Greek:11,763:776,᾿αδύνατος; ον,"᾿Αδύνατος, ον"
Greek-English,page_38,12,45,ps,exact,778,779,English,English:1,778:779,a,a
Greek-English,page_38,12,46,sn,structural,,,meta,,,1,1
Greek-English,page_38,12,47,ge,exact,781,801,English,English:16,781:801,weak; feeble; infirm,"weak, feeble, infirm"
Greek-English,page_38,12,48,sn,structural,,,meta,,,2,2
Greek-English,page_38,12,49,ge,exact,803,812,English,English:8,803:812,cast-down,cast-down
Greek-English,page_38,12,50,sn,structural,,,meta,,,3,3
Greek-English,page_38,12,51,uv,exact,814,820,Greek,Greek:6,814:820,ἰσχνὸς,ἰσχνὸς
Greek-English,page_38,12,52,ge,exact,822,832,English,English:8,822:832,thin; poor,"thin, poor"
Greek-English,page_38,12,53,sn,structural,,,meta,,,4,4
Greek-English,page_38,12,54,uv,compact,834,847,Greek,Greek:11,834:847,ἀκατόρθωτος,ἀκατόρθωτος
Greek-English,page_38,12,55,ge,exact,849,874,English,English:23,849:874,impossible; impracticable,"impossible, impracticable"
Greek-English,page_38,12,56,se,exact,882,893,Greek,Greek:10,882:893,τὸ ἀδύνατον,τὸ ἀδύνατον
Greek-English,page_38,12,57,ps,exact,1454,1458,English,English:2,1454:1458,s. n,s. n
Greek-English,page_38,12,58,ge,exact,895,908,English,English:13,895:908,impossibility,impossibility
Greek-English,page_38,12,59,se,exact,910,929,Greek,Greek:17,910:929,εἶναι ὅλως ἀδύνατον,εἶναι ὅλως ἀδύνατον
Greek-English,page_38,12,60,ge,exact,931,964,English,English:28,931:964,to be utterly or quite impossible,to be utterly or quite impossible
Greek-English,page_38,12,61,se,exact,965,990,Greek,Greek:22,965:990,κάμνειν τὰ ἀδύνατα δυνατά,κάμνειν τὰ ἀδύνατα δυνατά
Greek-English,page_38,12,62,ge,exact,991,1020,English,English:23;Greek:2,991:1020,to do a seeming impossibility,to do a seeming impossibility
Greek-English,page_38,12,63,se,exact,1022,1039,Greek,Greek:16,1022:1039,καθιστᾷν ἀδύνατον,καθιστᾷν ἀδύνατον
Greek-English,page_38,12,64,ge,exact,1041,1061,English,English:18,1041:1061,to render impossible,to render impossible
Greek-English,page_38,12,65,se,exact,1063,1087,Greek,Greek:21,1063:1087,τοῦτο μὸὶ εἶναι ἀδύνατον,τοῦτο μὸὶ εἶναι ἀδύνατον
Greek-English,page_38,12,66,ge,exact,1089,1112,English,English:18,1089:1112,that is out of my power,that is out of my power
Greek-English,page_38,12,67,se,exact,1114,1137,Greek,Greek:21,1114:1137,ἀποβαίνει ὅλως ἀδύνατον,ἀποβαίνει ὅλως ἀδύνατον
Greek-English,page_38,12,68,ge,compact,1139,1173,English,English:29,1139:1173,it becomes altogether impossible,it becomes altogether impossible
Greek-English,page_38,13,69,lx,exact,1175,1187,Greek,Greek:10,1175:1187,᾿αδυνατῶ; έω,"᾿Αδυνατῶ, έω"
Greek-English,page_38,13,70,ps,exact,3431,3435,English,English:2,3431:3435,v. n,v. n
Greek-English,page_38,13,71,sn,structural,,,meta,,,1,1
Greek-English,page_38,13,72,ge,exact,1195,1209,English,English:11,1195:1209,not to be able,not to be able
Greek-English,page_38,13,73,sn,structural,,,meta,,,2,2
Greek-English,page_38,13,74,ge,exact,1211,1239,English,English:25,1211:1239,to find something impossible,to find something impossible
Greek-English,page_38,13,75,sn,structural,,,meta,,,3,3
Greek-English,page_38,13,76,ge,compact,1241,1287,English,English:34,1241:1287,to become or get weak; to become enfeebled,"to become or get weak, to become enfeebled"
Greek-English,page_38,13,77,sn,structural,,,meta,,,4,4
Greek-English,page_38,13,78,ge,exact,1289,1317,English,English:22,1289:1317,to become lean; to grow thin,"to become lean, to grow thin"
Greek-English,page_38,14,79,lx,exact,1319,1328,Greek,Greek:9,1319:1328,᾿αδυνάτως,᾿Αδυνάτως
Greek-English,page_38,14,80,ps,exact,313,316,English,English:3,313:316,adv,adv
Greek-English,page_38,14,81,ge,exact,1335,1353,English,English:16,1335:1353,weakly; impossibly,"weakly, impossibly"
Greek-English,page_38,15,82,lx,exact,1355,1370,Greek,Greek:13,1355:1370,᾿αδυσώπητος; ον,"᾿Αδυσώπητος, ον"
Greek-English,page_38,15,83,ps,exact,3442,3443,English,English:1,3442:3443,a,a
Greek-English,page_38,15,84,ge,compact,1375,1409,English,English:28,1375:1409,inexorable; unmoved; unrelenting,"inexorable, unmoved, unrelenting"
Greek-English,page_38,16,85,lx,exact,1411,1422,Greek,Greek:11,1411:1422,᾿αδυσωπήτως,᾿Αδυσωπήτως
Greek-English,page_38,16,86,ps,exact,313,316,English,English:3,313:316,adv,adv
Greek-English,page_38,16,87,ge,exact,1429,1439,English,English:10,1429:1439,inexorably,inexorably
Greek-English,page_38,17,88,lx,exact,1441,1452,Greek,Greek:9,1441:1452,῎αδυτον; ου,"῎Αδυτον, ου"
Greek-English,page_38,17,89,ps,exact,735,739,English,English:2,735:739,s. n,s. n
Greek-English,page_38,17,90,ge,exact,1460,1481,English,English:17,1460:1481,a shrine; a sanctuary,"a shrine, a sanctuary"
Greek-English,page_38,18,91,lx,exact,1483,1494,Greek,Greek:9,1483:1494,῎αδυτος; ον,"῎Αδυτος, ον"
Greek-English,page_38,18,92,ps,exact,3459,3460,English,English:1,3459:3460,a,a
Greek-English,page_38,18,93,ge,exact,1499,1530,English,English:27,1499:1530,impenetrable; secret; concealed,"impenetrable, secret, concealed"
Greek-English,page_38,19,94,lx,exact,1532,1536,Greek,Greek:4,1532:1536,῎αδω,῎Αδω
Greek-English,page_38,19,95,ps,exact,1538,1542,English,English:1;Greek:1,1538:1542,ν. n,ν. n
Greek-English,page_38,19,96,sn,structural,,,meta,,,1,1
Greek-English,page_38,19,97,ge,exact,1544,1570,English,English:21,1544:1570,to sing; praise; celebrate,"to sing, praise, celebrate"
Greek-English,page_38,19,98,sn,structural,,,meta,,,2,2
Greek-English,page_38,19,99,se,exact,1572,1582,Greek,Greek:9,1572:1582,ᾄδεται ὅτι,ᾄδεται ὅτι
Greek-English,page_38,19,100,ge,exact,1584,1610,English,English:20,1584:1610,it is said; it is rumoured,"it is said, it is rumoured"
Greek-English,page_38,20,101,lx,exact,1612,1625,Greek,Greek:11,1612:1625,᾿αδώρητος; ον,"᾿Αδώρητος, ον"
Greek-English,page_38,20,102,ps,exact,3473,3474,English,English:1,3473:3474,a,a
Greek-English,page_38,20,103,sn,structural,,,meta,,,1,1
Greek-English,page_38,20,104,ge,exact,1630,1653,English,English:20,1630:1653,ungifted; not gratified,"ungifted, not gratified"
Greek-English,page_38,20,105,sn,structural,,,meta,,,2,2
Greek-English,page_38,20,106,uv,exact,1655,1666,Greek,Greek:10,1655:1666,μὴ δωρηθεὶς,μὴ δωρηθεὶς
Greek-English,page_38,20,107,ge,exact,1668,1677,English,English:8,1668:1677,not given,not given
Greek-English,page_38,21,108,lx,exact,1679,1696,Greek,Greek:15,1679:1696,᾿αδωροδόκητος; ον,"᾿Αδωροδόκητος, ον"
Greek-English,page_38,21,109,ps,exact,3483,3484,English,English:1,3483:3484,a,a
Greek-English,page_38,21,110,ge,compact,1701,1755,English,English:43,1701:1755,not bribed; incorruptible; honest; sincere; unbought,"not bribed, incorruptible, honest, sincere, unbought"
Greek-English,page_38,22,111,lx,exact,1757,1768,Greek,Greek:9,1757:1768,῎αδωρος; ον,"῎Αδωρος, ον"
Greek-English,page_38,22,112,ps,exact,3501,3502,English,English:1,3501:3502,a,a
Greek-English,page_38,22,113,sn,structural,,,meta,,,1,1
Greek-English,page_38,22,114,ge,exact,1773,1813,English,English:34,1773:1813,ungifted; unrewarded; destitute of gifts,"ungifted, unrewarded, destitute of gifts"
Greek-English,page_38,22,115,sn,structural,,,meta,,,2,2
Greek-English,page_38,22,116,se,exact,1815,1827,Greek,Greek:11,1815:1827,ἄδωρον δῶρον,ἄδωρον δῶρον
Greek-English,page_38,22,117,ge,compact,1829,1893,English,English:52,1829:1893,a present not worth accepting or ruinous; a perfidious present,"a present not worth accepting or ruinous, a perfidious present"
Greek-English,page_38,23,118,lx,exact,1895,1899,Greek,Greek:4,1895:1899,᾿αεὶ,᾿Αεὶ
Greek-English,page_38,23,119,ps,exact,313,316,English,English:3,313:316,adv,adv
Greek-English,page_38,23,120,ge,exact,1906,1931,English,English:21,1906:1931,always; ever; continually,"always, ever, continually"
Greek-English,page_38,24,121,lx,exact,1933,1948,Greek,Greek:13,1933:1948,᾿αειδουλεία; ας,"᾿Αειδουλεία, ας"
Greek-English,page_38,24,122,ps,exact,3537,3541,English,English:2,3537:3541,s. f,s. f
Greek-English,page_38,24,123,ge,exact,1956,1975,English,English:18,1956:1975,perpetual servitude,perpetual servitude
Greek-English,page_38,25,124,lx,exact,1977,1991,Greek,Greek:12,1977:1991,᾿αείδουλος; ον,"᾿Αείδουλος, ον"
Greek-English,page_38,25,125,ps,exact,3543,3544,English,English:1,3543:3544,a,a
Greek-English,page_38,25,126,ge,exact,1996,2015,English,English:18,1996:2015,perpetually servile,perpetually servile
Greek-English,page_38,26,127,lx,exact,2017,2030,Greek,Greek:11,2017:2030,᾿αειθαλής; ές,"᾿Αειθαλής, ές"
Greek-English,page_38,26,128,ps,exact,3549,3550,English,English:1,3549:3550,a,a
Greek-English,page_38,26,129,ge,compact,2035,2100,English,English:52,2035:2100,evergreen; ever flourishing; never withering; ever prosperous,"evergreen, ever flourishing, never withering, ever prosperous"
Greek-English,page_38,27,130,lx,exact,2102,2117,Greek,Greek:13,2102:2117,᾿αεικινησία; ας,"᾿Αεικινησία, ας"
Greek-English,page_38,27,131,ps,exact,254,258,English,English:2,254:258,s. f,s. f
Greek-English,page_38,27,132,ge,exact,2125,2155,English,English:27,2125:2155,perpetual motion; restlessness,"perpetual motion, restlessness"
Greek-English,page_38,28,133,lx,exact,2157,2172,Greek,Greek:13,2157:2172,᾿αεικίνητος; ον,"᾿Αεικίνητος, ον"
Greek-English,page_38,28,134,ps,exact,3595,3596,English,English:1,3595:3596,a,a
Greek-English,page_38,28,135,ge,exact,2177,2214,English,English:32,2177:2214,perpetually moving; restless; fidgety,"perpetually moving, restless, fidgety"
Greek-English,page_38,29,136,lx,exact,2216,2227,Greek,Greek:11,2216:2227,᾿αεικινήτως,᾿Αεικινήτως
Greek-English,page_38,29,137,ps,exact,313,316,English,English:3,313:316,adv,adv
Greek-English,page_38,29,138,ge,compact,2234,2257,English,English:19,2234:2257,with perpetual motion,with perpetual motion
Greek-English,page_38,30,139,lx,exact,2259,2273,Greek,Greek:12,2259:2273,᾿αειλαμπὴς; ές,"᾿Αειλαμπὴς, ές"
Greek-English,page_38,30,140,ps,exact,3616,3617,English,English:1,3616:3617,a,a
Greek-English,page_38,30,141,ge,exact,2278,2290,English,English:11,2278:2290,ever shining,ever shining
Greek-English,page_38,31,142,lx,exact,2292,2307,Greek,Greek:13,2292:2307,᾿αείμνηστος; ον,"᾿Αείμνηστος, ον"
Greek-English,page_38,31,143,ps,exact,3619,3620,English,English:1,3619:3620,a,a
Greek-English,page_38,31,144,ge,exact,2312,2354,English,English:36,2312:2354,memorable; worthy of being ever remembered,"memorable, worthy of being ever remembered"
Greek-English,page_38,32,145,lx,exact,2356,2367,Greek,Greek:11,2356:2367,᾿αειμνήστως,᾿Αειμνήστως
Greek-English,page_38,32,146,ps,exact,313,316,English,English:3,313:316,adv,adv
Greek-English,page_38,32,147,ge,exact,2374,2383,English,English:9,2374:2383,memorably,memorably
Greek-English,page_38,33,148,lx,exact,2385,2401,Greek,Greek:14,2385:2401,᾿αειπάρθενος; ον,"᾿Αειπάρθενος, ον"
Greek-English,page_38,33,149,ps,exact,3623,3624,English,English:1,3623:3624,a,a
Greek-English,page_38,33,150,ge,compact,2406,2422,English,English:14,2406:2422,ever-virgin (mary),Ever-Virgin (Mary)
Greek-English,page_38,34,151,lx,exact,2425,2433,Greek,Greek:8,2425:2433,᾿αείποτε,᾿Αείποτε
Greek-English,page_38,34,152,ps,exact,313,316,English,English:3,313:316,adv,adv
Greek-English,page_38,34,153,ge,exact,1906,1918,English,English:10,1906:1918,always; ever,"always, ever"
Greek-English,page_38,35,154,lx,exact,2454,2471,Greek,Greek:15,2454:2471,᾿αειφρούρητος; ον,"᾿Αειφρούρητος, ον"
Greek-English,page_38,35,155,ps,exact,3656,3657,English,English:1,3656:3657,a,a
Greek-English,page_38,35,156,ge,exact,2476,2489,English,English:12,2476:2489,ever-defended,ever-defended
Greek-English,page_38,36,157,lx,exact,2491,2504,Greek,Greek:11,2491:2504,᾿αειφυγία; ας,"᾿Αειφυγία, ας"
Greek-English,page_38,36,158,ps,exact,254,258,English,English:2,254:258,s. f,s. f
Greek-English,page_38,36,159,ge,compact,2512,2534,English,English:19,2512:2534,perpetual banishment,perpetual banishment
Greek-English,page_38,37,160,lx,exact,2536,2548,Greek,Greek:10,2536:2548,᾿αενναος; ον,"᾿Αενναος, ον"
Greek-English,page_38,37,161,ps,exact,3659,3660,English,English:1,3659:3660,a,a
Greek-English,page_38,37,162,sn,structural,,,meta,,,1,1
Greek-English,page_38,37,163,ge,exact,2553,2573,English,English:18,2553:2573,continual; perennial,"continual, perennial"
Greek-English,page_38,37,164,sn,structural,,,meta,,,2,2
Greek-English,page_38,37,165,uv,exact,2575,2583,Greek,Greek:8,2575:2583,ἀείρροος,ἀείρροος
Greek-English,page_38,37,166,ge,exact,2585,2612,English,English:23,2585:2612,ever-flowing; never-failing,"ever-flowing, never-failing"
Greek-English,page_38,38,167,lx,exact,2614,2622,Greek,Greek:8,2614:2622,᾿αεννάως,᾿Αεννάως
Greek-English,page_38,38,168,ps,exact,313,316,English,English:3,313:316,adv,adv
Greek-English,page_38,38,169,ge,exact,2629,2653,English,English:22,2629:2653,perpetually; continually,"perpetually, continually"
Greek-English,page_38,39,170,lx,exact,2655,2667,Greek,Greek:10,2655:2667,᾿αεράκι; ίου,"᾿Αεράκι, ίου"
Greek-English,page_38,39,171,ps,exact,735,739,English,English:2,735:739,s. n,s. n
Greek-English,page_38,39,172,ue,exact,85,88,English,English:3,85:88,vul,vul
Greek-English,page_38,39,173,ge,exact,2680,2706,English,English:21,2680:2706,zephyr; light wind; breeze,"zephyr, light wind, breeze"
Greek-English,page_38,40,174,lx,exact,2708,2722,Greek,Greek:12,2708:2722,᾿αεραντλία; ας,"᾿Αεραντλία, ας"
Greek-English,page_38,40,175,ps,exact,254,258,English,English:2,254:258,s. f,s. f
Greek-English,page_38,40,176,ge,exact,2730,2738,English,English:7,2730:2738,air-pump,air-pump
Greek-English,page_38,41,177,lx,exact,2740,2749,Greek,Greek:7,2740:2749,᾿αέρας; α,"᾿Αέρας, α"
Greek-English,page_38,41,178,ps,exact,2751,2755,English,English:2,2751:2755,s. m,s. m
Greek-English,page_38,41,179,ue,exact,85,88,English,English:3,85:88,vul,vul
Greek-English,page_38,41,180,ge,exact,2694,2698,English,English:4,2694:2698,wind,wind
Greek-English,page_38,41,181,se,exact,2768,2792,Greek,English:2;Greek:17,2768:2792,εἰς τὸν ἀέρα; or ματαίως,"εἰς τὸν ἀέρα, or ματαίως"
Greek-English,page_38,41,182,ge,exact,2794,2812,English,English:15,2794:2812,foolishly; in vain,"foolishly, in vain"
Greek-English,page_38,41,183,se,exact,2814,2830,Greek,Greek:14,2814:2830,πρᾶγμα τοῦ ἀέρος,πρᾶγμα τοῦ ἀέρος
Greek-English,page_38,41,184,ge,exact,2832,2855,English,English:18,2832:2855,a trifle; vanity; folly,"a trifle, vanity, folly"
Greek-English,page_38,42,185,lx,exact,2857,2868,Greek,Greek:9,2857:2868,᾿αεργία; ας,"᾿Αεργία, ας"
Greek-English,page_38,42,186,ps,exact,254,258,English,English:2,254:258,s. f,s. f
Greek-English,page_38,42,187,ge,exact,2876,2914,English,English:32,2876:2914,idleness; indolence; inactivity; sloth,"idleness, indolence, inactivity, sloth"
Greek-English,page_38,43,188,lx,exact,2915,2926,Greek,Greek:8,2915:2926,'αεργος; ον,"'Αεργος, ον"
Greek-English,page_38,43,189,ps,exact,24,25,English,English:1,24:25,a,a
Greek-English,page_38,43,190,ge,compact,2931,2963,English,English:25,2931:2963,idle; without work; disengaged,"idle, without work, disengaged"
Greek-English,page_38,44,191,lx,exact,2965,2972,Greek,Greek:7,2965:2972,᾿αερίζω,᾿Αερίζω
Greek-English,page_38,44,192,ps,exact,79,83,English,English:2,79:83,v. a,v. a
Greek-English,page_38,44,193,ge,exact,2980,3000,English,English:16,2980:3000,to air; to ventilate,"to air, to ventilate"
Greek-English,page_38,45,194,lx,exact,3002,3017,Greek,Greek:11,3002:3017,᾿αερικὸς; ὴ; ὸν,"᾿Αερικὸς, ὴ, ὸν"
Greek-English,page_38,45,195,ps,exact,24,25,English,English:1,24:25,a,a
Greek-English,page_38,45,196,ge,exact,3022,3038,English,English:14,3022:3038,airy; ventilated,"airy, ventilated"
Greek-English,page_38,46,197,lx,exact,3040,3052,Greek,Greek:10,3040:3052,᾿αέριον; ίου,"᾿Αέριον, ίου"
Greek-English,page_38,46,198,ps,exact,735,739,English,English:2,735:739,s. n,s. n
Greek-English,page_38,46,199,ge,exact,3060,3063,English,English:3,3060:3063,gas,gas
Greek-English,page_38,47,200,lx,exact,3065,3081,Greek,Greek:12,3065:3081,᾿αέριος; ία; ιον,"᾿Αέριος, ία, ιον"
Greek-English,page_38,47,201,ps,exact,24,25,English,English:1,24:25,a,a
Greek-English,page_38,47,202,sn,structural,,,meta,,,1,1
Greek-English,page_38,47,203,ge,exact,3022,3026,English,English:4,3022:3026,airy,airy
Greek-English,page_38,47,204,sn,structural,,,meta,,,2,2
Greek-English,page_38,47,205,uv,exact,3092,3100,Greek,Greek:8,3092:3100,ἐναέριος,ἐναέριος
Greek-English,page_38,47,206,ge,exact,3102,3108,English,English:6,3102:3108,aerial,aerial
Greek-English,page_38,48,207,lx,exact,3110,3125,Greek,Greek:13,3110:3125,᾿αεριόφως; ωτος,"᾿Αεριόφως, ωτος"
Greek-English,page_38,48,208,ps,exact,735,739,English,English:2,735:739,s. n,s. n
Greek-English,page_38,48,209,ge,exact,3133,3147,English,English:11,3133:3147,gas; gas-light,"gas, gas-light"
Greek-English,page_38,49,210,lx,exact,3149,3163,Greek,Greek:12,3149:3163,᾿αέρισμα; ατος,"᾿Αέρισμα, ατος"
Greek-English,page_38,49,211,ps,exact,735,739,English,English:2,735:739,s. n,s. n
Greek-English,page_38,49,212,ge,compact,3171,3195,English,English:19,3171:3195,an airing; ventilation,"an airing, ventilation"
Greek-English,page_38,50,213,lx,exact,3197,3212,Greek,Greek:13,3197:3212,᾿αεριστῆρι; ίου,"᾿Αεριστῆρι, ίου"
Greek-English,page_38,50,214,ps,exact,2751,2755,English,English:2,2751:2755,s. m,s. m
Greek-English,page_38,50,215,ge,exact,3220,3239,English,English:15,3220:3239,a fan; a ventilator,"a fan, a ventilator"
Greek-English,page_38,51,216,lx,exact,3241,3254,Greek,Greek:11,3241:3254,᾿αεριώδης; ες,"᾿Αεριώδης, ες"
Greek-English,page_38,51,217,ps,exact,24,25,English,English:1,24:25,a,a
Greek-English,page_38,51,218,ge,exact,3259,3266,English,English:7,3259:3266,gaseous,gaseous
Greek-English,page_38,52,219,lx,exact,3268,3282,Greek,Greek:12,3268:3282,᾿αεροβάτης; ου,"᾿Αεροβάτης, ου"
Greek-English,page_38,52,220,ps,exact,2751,2755,English,English:2,2751:2755,s. m,s. m
Greek-English,page_38,52,221,sn,structural,,,meta,,,1,1
Greek-English,page_38,52,222,ge,exact,3290,3328,English,English:31,3290:3328,one who traverses the air; an aeronaut,"one who traverses the air, an aeronaut"
Greek-English,page_38,52,223,sn,structural,,,meta,,,2,2
Greek-English,page_38,52,224,ge,exact,3330,3341,English,English:10,3330:3341,a visionary,a visionary
Greek-English,page_38,53,225,lx,exact,3343,3362,Greek,Greek:15,3343:3362,᾿αεροβατικὸς; ὴ; ὸν,"᾿Αεροβατικὸς, ὴ, ὸν"
Greek-English,page_38,53,226,sn,structural,,,meta,,,1,1
Greek-English,page_38,53,227,ge,exact,3364,3382,English,English:16,3364:3382,traversing the air,traversing the air
Greek-English,page_38,53,228,sn,structural,,,meta,,,2,2
Greek-English,page_38,53,229,se,exact,3384,3401,Greek,Greek:16,3384:3401,μηχανὴ ἀεροβατική,μηχανὴ ἀεροβατική
Greek-English,page_38,53,230,ge,exact,3403,3414,English,English:10,3403:3414,air balloon,air balloon
Greek-English,page_38,54,231,lx,exact,3416,3429,Greek,Greek:11,3416:3429,᾿αεροβατῶ; έω,"᾿Αεροβατῶ, έω"
Greek-English,page_38,54,232,ps,exact,648,652,English,English:2,648:652,v. n,v. n
Greek-English,page_38,54,233,ge,exact,3437,3518,English,English:65,3437:3518,to travel through the air; to form vain speculations; to build castles in the air,"to travel through the air, to form vain speculations, to build castles in the air"
Greek-English,page_38,55,234,lx,exact,3520,3535,Greek,Greek:13,3520:3535,᾿αερογραφία; ας,"᾿Αερογραφία, ας"
Greek-English,page_38,55,235,ps,exact,254,258,English,English:2,254:258,s. f,s. f
Greek-English,page_38,55,236,ge,exact,3543,3553,English,English:10,3543:3553,aerography,aerography
Greek-English,page_38,56,237,lx,exact,3555,3569,Greek,Greek:12,3555:3569,᾿αεροδρομῶ; έω,"᾿Αεροδρομῶ, έω"
Greek-English,page_38,56,238,ps,exact,648,652,English,English:2,648:652,v. n,v. n
Greek-English,page_38,56,239,ge,exact,3577,3598,English,English:17,3577:3598,to go through the air,to go through the air
Greek-English,page_38,57,240,lx,exact,3600,3614,Greek,Greek:12,3600:3614,᾿αεροειδὴς; ἐς,"᾿Αεροειδὴς, ἐς"
Greek-English,page_38,57,241,ps,exact,24,25,English,English:1,24:25,a,a
Greek-English,page_38,57,242,ge,exact,3619,3632,English,English:11,3619:3632,aerial; light,"aerial, light"
Greek-English,page_38,58,243,lx,exact,3634,3648,Greek,Greek:12,3634:3648,᾿αερόλιθος; ου,"᾿Αερόλιθος, ου"
Greek-English,page_38,58,244,ps,exact,2751,2755,English,English:2,2751:2755,s. m,s. m
Greek-English,page_38,58,245,ge,exact,3656,3667,English,English:10,3656:3667,an aerolite,an aerolite
Iñupiatun Eskimo-English,page_42,0,0,lx,exact,0,12,Iñupiatun Eskimo-Latin,Iñupiatun Eskimo-Latin:11,0:12,aniqsaaqtit-,aniqsaaqtit-
Iñupiatun Eskimo-English,page_42,0,1,ps,exact,35,37,English-Latin,English-Latin:2,35:37,vt,vt
Iñupiatun Eskimo-English,page_42,0,2,de,exact,39,77,English-Latin,English-Latin:31,39:77,to resuscitate; to bring to life again,"to resuscitate, to bring to life again"
Iñupiatun Eskimo-English,page_42,1,3,lx,exact,79,89,Iñupiatun Eskimo-Latin,Iñupiatun Eskimo-Latin:9,79:89,aniqsaluk-,aniqsaluk-
Iñupiatun Eskimo-English,page_42,1,4,ps,exact,90,92,English-Latin,English-Latin:2,90:92,vi,vi
Iñupiatun Eskimo-English,page_42,1,5,de,exact,94,101,English-Latin,English-Latin:6,94:101,to pant,to pant
Iñupiatun Eskimo-English,page_42,1,6,cf,exact,108,121,Iñupiatun Eskimo-Latin,Iñupiatun Eskimo-Latin:12,108:121,aniġnitchiaq-,aniġnitchiaq-
Iñupiatun Eskimo-English,page_42,2,7,lx,exact,123,136,Iñupiatun Eskimo-Latin,Iñupiatun Eskimo-Latin:12,123:136,aniqsraaqtuq-,aniqsraaqtuq-
Iñupiatun Eskimo-English,page_42,2,8,ps,exact,137,139,English-Latin,English-Latin:2,137:139,vt,vt
Iñupiatun Eskimo-English,page_42,2,9,de,exact,141,152,English-Latin,English-Latin:10,141:152,to threaten,to threaten
Iñupiatun Eskimo-English,page_42,3,10,lx,exact,154,159,Iñupiatun Eskimo-Latin,Iñupiatun Eskimo-Latin:4,154:159,anit-,anit-
Iñupiatun Eskimo-English,page_42,3,11,ps,exact,160,162,English-Latin,English-Latin:2,160:162,vt,vt
Iñupiatun Eskimo-English,page_42,3,12,de,exact,164,200,English-Latin,English-Latin:27,164:200,to expel; to send away; to throw out,"to expel, to send away, to throw out"
Iñupiatun Eskimo-English,page_42,3,13,va,exact,211,221,Iñupiatun Eskimo-Latin,Iñupiatun Eskimo-Latin:9,211:221,anitqataq-,anitqataq-
Iñupiatun Eskimo-English,page_42,4,14,lx,exact,223,231,Iñupiatun Eskimo-Latin,Iñupiatun Eskimo-Latin:7,223:231,anitmuk-,anitmuk-
Iñupiatun Eskimo-English,page_42,4,15,ps,exact,232,234,English-Latin,English-Latin:2,232:234,vi,vi
Iñupiatun Eskimo-English,page_42,4,16,de,exact,236,270,English-Latin,English-Latin:28,236:270,to travel outward; to move outward,"to travel outward, to move outward"
Iñupiatun Eskimo-English,page_42,5,17,lx,exact,272,279,Iñupiatun Eskimo-Latin,Iñupiatun Eskimo-Latin:7,272:279,anitmun,anitmun
Iñupiatun Eskimo-English,page_42,5,18,ps,exact,280,287,English-Latin,English-Latin:6,280:287,pos.adv,pos.adv
Iñupiatun Eskimo-English,page_42,5,19,de,exact,289,323,English-Latin,English-Latin:28,289:323,outward; away from a central point,"outward, away from a central point"
Iñupiatun Eskimo-English,page_42,5,20,sy,exact,330,338,Iñupiatun Eskimo-Latin,Iñupiatun Eskimo-Latin:8,330:338,siḷatmun,siḷatmun
Iñupiatun Eskimo-English,page_42,6,21,lx,exact,340,350,Iñupiatun Eskimo-Latin,Iñupiatun Eskimo-Latin:9,340:350,anitqataq-,anitqataq-
Iñupiatun Eskimo-English,page_42,6,22,ps,exact,351,353,English-Latin,English-Latin:2,351:353,vt,vt
Iñupiatun Eskimo-English,page_42,6,23,de,compact,355,372,English-Latin,English-Latin:14,355:372,to eject (by force),to eject (by force)
Iñupiatun Eskimo-English,page_42,6,24,xv,exact,375,401,Iñupiatun Eskimo-Latin,Iñupiatun Eskimo-Latin:24,375:401,putum anitqataġaa imiqtuaq,Putum anitqataġaa imiqtuaq
Iñupiatun Eskimo-English,page_42,6,25,xe,exact,403,432,English-Latin,English-Latin:25,403:432,putu ejected the drunk person,Putu ejected the drunk person
Iñupiatun Eskimo-English,page_42,6,26,va,exact,443,448,Iñupiatun Eskimo-Latin,Iñupiatun Eskimo-Latin:4,443:448,anit-,anit-
Iñupiatun Eskimo-English,page_42,7,27,lx,exact,450,454,Iñupiatun Eskimo-Latin,Iñupiatun Eskimo-Latin:4,450:454,aniu,aniu
Iñupiatun Eskimo-English,page_42,7,28,ps,exact,455,456,English-Latin,English-Latin:1,455:456,n,n
Iñupiatun Eskimo-English,page_42,7,29,de,exact,458,480,English-Latin,English-Latin:18,458:480,snow; hard packed snow,"snow, hard packed snow"
Iñupiatun Eskimo-English,page_42,7,30,sy,exact,487,491,Iñupiatun Eskimo-Latin,Iñupiatun Eskimo-Latin:4,487:491,apun,apun
Iñupiatun Eskimo-English,page_42,8,31,lx,exact,493,500,Iñupiatun Eskimo-Latin,Iñupiatun Eskimo-Latin:7,493:500,aniuvak,aniuvak
Iñupiatun Eskimo-English,page_42,8,32,ps,exact,501,502,English-Latin,English-Latin:1,501:502,n,n
Iñupiatun Eskimo-English,page_42,8,33,de,exact,504,519,English-Latin,English-Latin:13,504:519,steep snow bank,steep snow bank
Iñupiatun Eskimo-English,page_42,8,34,sy,exact,526,545,Iñupiatun Eskimo-Latin,Iñupiatun Eskimo-Latin:17,526:545,qimuagruk; apitchiq,qimuagruk; apitchiq
Iñupiatun Eskimo-English,page_42,9,35,lx,exact,547,552,Iñupiatun Eskimo-Latin,Iñupiatun Eskimo-Latin:5,547:552,annaa,annaa
Iñupiatun Eskimo-English,page_42,9,36,ps,exact,553,557,English-Latin,English-Latin:4,553:557,excl,excl
Iñupiatun Eskimo-English,page_42,9,37,de,exact,559,601,English-Latin,English-Latin:36,559:601,expression of pain; sorrow; disappointment,"expression of pain, sorrow, disappointment"
Iñupiatun Eskimo-English,page_42,9,38,sy,compact,608,623,Iñupiatun Eskimo-Latin,Iñupiatun Eskimo-Latin:12,608:623,araummaa! ; arii,araummaa! ; arii
Iñupiatun Eskimo-English,page_42,9,39,va,exact,634,639,Iñupiatun Eskimo-Latin,Iñupiatun Eskimo-Latin:5,634:639,annii,annii
Iñupiatun Eskimo-English,page_42,10,40,lx,exact,641,649,Iñupiatun Eskimo-Latin,Iñupiatun Eskimo-Latin:8,641:649,annaatuk,annaatuk
Iñupiatun Eskimo-English,page_42,10,41,ps,exact,650,654,English-Latin,English-Latin:4,650:654,excl,excl
Iñupiatun Eskimo-English,page_42,10,42,de,exact,655,668,English-Latin,English-Latin:9,655:668,"""poor thing!""","""Poor thing!"""
Iñupiatun Eskimo-English,page_42,11,43,lx,exact,670,683,Iñupiatun Eskimo-Latin,Iñupiatun Eskimo-Latin:12,670:683,annagusimaaq-,annagusimaaq-
Iñupiatun Eskimo-English,page_42,11,44,ps,exact,684,686,English-Latin,English-Latin:2,684:686,vi,vi
Iñupiatun Eskimo-English,page_42,11,45,de,exact,688,750,English-Latin,English-Latin:49,688:750,to be sluggish; to be slow because body feels heavy or is sick,"to be sluggish, to be slow because body feels heavy or is sick"
Iñupiatun Eskimo-English,page_42,11,46,va,exact,761,775,Iñupiatun Eskimo-Latin,Iñupiatun Eskimo-Latin:13,761:775,annagusrimaaq-,annagusrimaaq-
Iñupiatun Eskimo-English,page_42,12,47,lx,exact,777,789,Iñupiatun Eskimo-Latin,Iñupiatun Eskimo-Latin:12,777:789,annagviksraq,annagviksraq
Iñupiatun Eskimo-English,page_42,12,48,ps,exact,790,791,English-Latin,English-Latin:1,790:791,n,n
Iñupiatun Eskimo-English,page_42,12,49,de,exact,793,808,English-Latin,English-Latin:12,793:808,escape; way out,"escape, way out"
Iñupiatun Eskimo-English,page_42,13,50,lx,exact,810,816,Iñupiatun Eskimo-Latin,Iñupiatun Eskimo-Latin:5,810:816,annai-,annai-
Iñupiatun Eskimo-English,page_42,13,51,ps,exact,817,819,English-Latin,English-Latin:2,817:819,vt,vt
Iñupiatun Eskimo-English,page_42,13,52,de,exact,821,864,English-Latin,English-Latin:34,821:864,to let something escape; to let it get away,"to let something escape, to let it get away"
Iñupiatun Eskimo-English,page_42,13,53,xv,exact,866,886,Iñupiatun Eskimo-Latin,Iñupiatun Eskimo-Latin:18,866:886,putum akłaq annaigaa,Putum akłaq annaigaa
Iñupiatun Eskimo-English,page_42,13,54,xe,exact,888,917,English-Latin,English-Latin:24,888:917,putu let the grizzly get away,Putu let the grizzly get away
Iñupiatun Eskimo-English,page_42,13,55,xv,exact,919,962,Iñupiatun Eskimo-Latin,Iñupiatun Eskimo-Latin:40,919:962,putu annairuq iqaluŋmik niksianikkaluaqługu,Putu annairuq iqaluŋmik niksianikkaluaqługu
Iñupiatun Eskimo-English,page_42,13,56,xe,exact,964,1022,English-Latin,English-Latin:48,964:1022,putu let the fish escape although he had already hooked it,Putu let the fish escape although he had already hooked it
Iñupiatun Eskimo-English,page_42,14,57,lx,exact,1024,1030,Iñupiatun Eskimo-Latin,Iñupiatun Eskimo-Latin:5,1024:1030,annak-,annak-
Iñupiatun Eskimo-English,page_42,14,58,ps,exact,1031,1033,English-Latin,English-Latin:2,1031:1033,vi,vi
Iñupiatun Eskimo-English,page_42,14,59,de,exact,1035,1051,English-Latin,English-Latin:14,1035:1051,to escape danger,to escape danger
Iñupiatun Eskimo-English,page_42,14,60,xv,exact,1053,1097,Iñupiatun Eskimo-Latin,Iñupiatun Eskimo-Latin:41,1053:1097,atqaqtitkaatŋa igalikun aasriiñ annaktitluŋa,Atqaqtitkaatŋa igalikun aasriiñ annaktitluŋa
Iñupiatun Eskimo-English,page_42,14,61,xe,exact,1099,1146,English-Latin,English-Latin:38,1099:1146,they let me down through a window and i escaped,They let me down through a window and I escaped
Iñupiatun Eskimo-English,page_42,15,62,lx,exact,1148,1157,Iñupiatun Eskimo-Latin,Iñupiatun Eskimo-Latin:8,1148:1157,annaktiq-,annaktiq-
Iñupiatun Eskimo-English,page_42,15,63,ps,exact,1158,1160,English-Latin,English-Latin:2,1158:1160,vi,vi
Iñupiatun Eskimo-English,page_42,15,64,de,compact,1162,1259,English-Latin,English-Latin:80,1162:1259,to escape from danger to safety or security (e.g. child huddling with mother when feeling insecure),to escape from danger to safety or security (e.g. child huddling with mother when feeling insecure)
Iñupiatun Eskimo-English,page_42,15,65,sy,exact,1267,1276,Iñupiatun Eskimo-Latin,Iñupiatun Eskimo-Latin:8,1267:1276,illuktiq-,illuktiq-
Iñupiatun Eskimo-English,page_42,16,66,lx,exact,1278,1286,Iñupiatun Eskimo-Latin,Iñupiatun Eskimo-Latin:7,1278:1286,annauma-,annauma-
Iñupiatun Eskimo-English,page_42,16,67,ps,exact,1287,1289,English-Latin,English-Latin:2,1287:1289,vi,vi
Iñupiatun Eskimo-English,page_42,16,68,de,exact,1291,1314,English-Latin,English-Latin:17,1291:1314,to be safe; to be saved,"to be safe, to be saved"
Iñupiatun Eskimo-English,page_42,17,69,lx,exact,1316,1326,Iñupiatun Eskimo-Latin,Iñupiatun Eskimo-Latin:10,1316:1326,annaumałiq,annaumałiq
Iñupiatun Eskimo-English,page_42,17,70,ps,exact,1327,1328,English-Latin,English-Latin:1,1327:1328,n,n
Iñupiatun Eskimo-English,page_42,17,71,de,exact,1330,1349,English-Latin,English-Latin:17,1330:1349,salvation; security,salvation; security
Iñupiatun Eskimo-English,page_42,17,72,sy,exact,1356,1381,Iñupiatun Eskimo-Latin,Iñupiatun Eskimo-Latin:23,1356:1381,anniqsuił̣iq; anniqsuġiaq,anniqsuił̣iq; anniqsuġiaq
Iñupiatun Eskimo-English,page_42,18,73,lx,exact,1383,1391,Iñupiatun Eskimo-Latin,Iñupiatun Eskimo-Latin:7,1383:1391,annauti-,annauti-
Iñupiatun Eskimo-English,page_42,18,74,ps,exact,1392,1394,English-Latin,English-Latin:2,1392:1394,vt,vt
Iñupiatun Eskimo-English,page_42,18,75,de,exact,1396,1405,English-Latin,English-Latin:8,1396:1405,to rescue,to rescue
Iñupiatun Eskimo-English,page_42,18,76,sy,exact,1412,1421,Iñupiatun Eskimo-Latin,Iñupiatun Eskimo-Latin:8,1412:1421,anniqsuq-,anniqsuq-
Iñupiatun Eskimo-English,page_42,19,77,lx,exact,1423,1429,Iñupiatun Eskimo-Latin,Iñupiatun Eskimo-Latin:6,1423:1429,anniaq,anniaq
Iñupiatun Eskimo-English,page_42,19,78,ps,exact,1430,1431,English-Latin,English-Latin:1,1430:1431,n,n
Iñupiatun Eskimo-English,page_42,19,79,de,exact,1433,1444,English-Latin,English-Latin:9,1433:1444,wound; hurt,"wound, hurt"
Iñupiatun Eskimo-English,page_42,19,80,va,exact,1455,1461,Iñupiatun Eskimo-Latin,Iñupiatun Eskimo-Latin:6,1455:1461,atniaq,atniaq
Iñupiatun Eskimo-English,page_42,20,81,lx,exact,1463,1470,Iñupiatun Eskimo-Latin,Iñupiatun Eskimo-Latin:6,1463:1470,anniġi-,anniġi-
Iñupiatun Eskimo-English,page_42,20,82,ps,exact,1471,1473,English-Latin,English-Latin:2,1471:1473,vt,vt
Iñupiatun Eskimo-English,page_42,20,83,de,exact,1475,1506,English-Latin,English-Latin:25,1475:1506,to treasure; to value very much,"to treasure, to value very much"
Iñupiatun Eskimo-English,page_42,21,84,lx,exact,1508,1517,Iñupiatun Eskimo-Latin,Iñupiatun Eskimo-Latin:8,1508:1517,anniġñaq-,anniġñaq-
Iñupiatun Eskimo-English,page_42,21,85,ps,exact,1518,1520,English-Latin,English-Latin:2,1518:1520,vi,vi
Iñupiatun Eskimo-English,page_42,21,86,sn,structural,,,meta,,,1,1
Iñupiatun Eskimo-English,page_42,21,87,de,exact,1525,1535,English-Latin,English-Latin:8,1525:1535,to be sick,to be sick
Iñupiatun Eskimo-English,page_42,21,88,va,exact,1546,1555,Iñupiatun Eskimo-Latin,Iñupiatun Eskimo-Latin:8,1546:1555,atniġñaq-,atniġñaq-
Iñupiatun Eskimo-English,page_42,21,89,sn,structural,,,meta,,,2,2
Iñupiatun Eskimo-English,page_42,21,90,de,exact,1560,1593,English-Latin,English-Latin:27,1560:1593,to be invaluable; to be priceless,"to be invaluable, to be priceless"
Iñupiatun Eskimo-English,page_42,21,91,sy,exact,1600,1609,Iñupiatun Eskimo-Latin,Iñupiatun Eskimo-Latin:9,1600:1609,akisuruaq,akisuruaq
Iñupiatun Eskimo-English,page_42,21,92,va,exact,1620,1628,Iñupiatun Eskimo-Latin,Iñupiatun Eskimo-Latin:8,1620:1628,anniqñaq,anniqñaq
Iñupiatun Eskimo-English,page_42,22,93,lx,exact,1630,1639,Iñupiatun Eskimo-Latin,Iñupiatun Eskimo-Latin:9,1630:1639,anniġñaun,anniġñaun
Iñupiatun Eskimo-English,page_42,22,94,ps,exact,1640,1641,English-Latin,English-Latin:1,1640:1641,n,n
Iñupiatun Eskimo-English,page_42,22,95,de,exact,1643,1660,English-Latin,English-Latin:15,1643:1660,sickness; disease,"sickness, disease"
Iñupiatun Eskimo-English,page_42,22,96,va,exact,1671,1680,Iñupiatun Eskimo-Latin,Iñupiatun Eskimo-Latin:9,1671:1680,atniġñaun,atniġñaun
Iñupiatun Eskimo-English,page_42,23,97,lx,exact,1682,1687,Iñupiatun Eskimo-Latin,Iñupiatun Eskimo-Latin:5,1682:1687,annii,annii
Iñupiatun Eskimo-English,page_42,23,98,ps,exact,1688,1692,English-Latin,English-Latin:4,1688:1692,excl,excl
Iñupiatun Eskimo-English,page_42,23,99,de,exact,1694,1731,English-Latin,English-Latin:32,1694:1731,expression of pain; or disappointment,"expression of pain, or disappointment"
Iñupiatun Eskimo-English,page_42,23,100,sy,compact,1738,1753,Iñupiatun Eskimo-Latin,Iñupiatun Eskimo-Latin:12,1738:1753,araummaa! ; arii,araummaa! ; arii
Iñupiatun Eskimo-English,page_42,23,101,va,exact,1764,1769,Iñupiatun Eskimo-Latin,Iñupiatun Eskimo-Latin:5,1764:1769,annaa,annaa
Iñupiatun Eskimo-English,page_42,24,102,lx,exact,1771,1779,Iñupiatun Eskimo-Latin,Iñupiatun Eskimo-Latin:7,1771:1779,anniḷuk-,anniḷuk-
Iñupiatun Eskimo-English,page_42,24,103,ps,exact,1780,1782,English-Latin,English-Latin:2,1780:1782,vi,vi
Iñupiatun Eskimo-English,page_42,24,104,de,exact,1784,1836,English-Latin,English-Latin:41,1784:1836,to have acute pain; to be aching; to have discomfort,"to have acute pain, to be aching, to have discomfort"
Iñupiatun Eskimo-English,page_42,24,105,cf,exact,1843,1851,Iñupiatun Eskimo-Latin,Iñupiatun Eskimo-Latin:7,1843:1851,saŋniuq-,saŋniuq-
Iñupiatun Eskimo-English,page_42,24,106,va,exact,1862,1870,Iñupiatun Eskimo-Latin,Iñupiatun Eskimo-Latin:7,1862:1870,atniḷuk-,atniḷuk-
Iñupiatun Eskimo-English,page_42,25,107,lx,exact,1872,1878,Iñupiatun Eskimo-Latin,Iñupiatun Eskimo-Latin:5,1872:1878,anniq-,anniq-
Iñupiatun Eskimo-English,page_42,25,108,ps,exact,1879,1881,English-Latin,English-Latin:2,1879:1881,vi,vi
Iñupiatun Eskimo-English,page_42,25,109,de,exact,1883,1890,English-Latin,English-Latin:6,1883:1890,to hurt,to hurt
Iñupiatun Eskimo-English,page_42,25,110,va,exact,1901,1907,Iñupiatun Eskimo-Latin,Iñupiatun Eskimo-Latin:5,1901:1907,atniq-,atniq-
Iñupiatun Eskimo-English,page_42,26,111,lx,exact,1909,1918,Iñupiatun Eskimo-Latin,Iñupiatun Eskimo-Latin:8,1909:1918,anniqñaq-,anniqñaq-
Iñupiatun Eskimo-English,page_42,26,112,ps,exact,1919,1921,English-Latin,English-Latin:2,1919:1921,vi,vi
Iñupiatun Eskimo-English,page_42,26,113,de,exact,1923,1956,English-Latin,English-Latin:27,1923:1956,to be invaluable; to be priceless,"to be invaluable, to be priceless"
Iñupiatun Eskimo-English,page_42,26,114,xv,exact,1958,1988,Iñupiatun Eskimo-Latin,Iñupiatun Eskimo-Latin:28,1958:1988,qitunġatka anniqñaqtut uvamnun,Qitunġatka anniqñaqtut uvamnun
Iñupiatun Eskimo-English,page_42,26,115,xe,exact,1990,2022,English-Latin,English-Latin:27,1990:2022,my children are invaluable to me,My children are invaluable to me
Iñupiatun Eskimo-English,page_42,26,116,sy,exact,2029,2039,Iñupiatun Eskimo-Latin,Iñupiatun Eskimo-Latin:9,2029:2039,akisuruaq-,akisuruaq-
Iñupiatun Eskimo-English,page_42,26,117,va,exact,2050,2059,Iñupiatun Eskimo-Latin,Iñupiatun Eskimo-Latin:8,2050:2059,atniġñaq-,atniġñaq-
Iñupiatun Eskimo-English,page_42,27,118,lx,exact,2061,2072,Iñupiatun Eskimo-Latin,Iñupiatun Eskimo-Latin:11,2061:2072,anniqsuġiaq,anniqsuġiaq
Iñupiatun Eskimo-English,page_42,27,119,ps,exact,2073,2074,English-Latin,English-Latin:1,2073:2074,n,n
Iñupiatun Eskimo-English,page_42,27,120,de,compact,2076,2101,English-Latin,English-Latin:23,2076:2101,salvation (ongoing process),salvation (ongoing process)
Iñupiatun Eskimo-English,page_42,27,121,sy,exact,2109,2133,Iñupiatun Eskimo-Latin,Iñupiatun Eskimo-Latin:22,2109:2133,anniqsuił̣iq; annaumałiq,anniqsuił̣iq; annaumałiq
Iñupiatun Eskimo-English,page_42,28,122,lx,exact,2135,2147,Iñupiatun Eskimo-Latin,Iñupiatun Eskimo-Latin:12,2135:2147,anniqsuił̣iq,anniqsuił̣iq
Iñupiatun Eskimo-English,page_42,28,123,ps,exact,2148,2149,English-Latin,English-Latin:1,2148:2149,n,n
Iñupiatun Eskimo-English,page_42,28,124,de,compact,2151,2179,English-Latin,English-Latin:25,2151:2179,salvation (moment of rescuing),salvation (moment of rescuing)
Iñupiatun Eskimo-English,page_42,28,125,sy,exact,2187,2210,Iñupiatun Eskimo-Latin,Iñupiatun Eskimo-Latin:21,2187:2210,anniqsuġiaq; annaumałiq,anniqsuġiaq; annaumałiq
Iñupiatun Eskimo-English,page_42,29,126,lx,exact,2212,2221,Iñupiatun Eskimo-Latin,Iñupiatun Eskimo-Latin:8,2212:2221,anniqsuq-,anniqsuq-
Iñupiatun Eskimo-English,page_42,29,127,ps,exact,2222,2224,English-Latin,English-Latin:2,2222:2224,vt,vt
Iñupiatun Eskimo-English,page_42,29,128,sn,structural,,,meta,,,1,1
Iñupiatun Eskimo-English,page_42,29,129,de,exact,2229,2238,English-Latin,English-Latin:8,2229:2238,to assist,to assist
Iñupiatun Eskimo-English,page_42,29,130,sn,structural,,,meta,,,2,2
Iñupiatun Eskimo-English,page_42,29,131,de,compact,2243,2278,English-Latin,English-Latin:24,2243:2278,to rescue; rescue; to ~ ; save; to ~,"to rescue; rescue, to ~ ; save, to ~"
Iñupiatun Eskimo-English,page_42,29,132,sy,exact,2285,2293,Iñupiatun Eskimo-Latin,Iñupiatun Eskimo-Latin:7,2285:2293,annauti-,annauti-
Iñupiatun Eskimo-English,page_42,30,133,lx,exact,2295,2305,Iñupiatun Eskimo-Latin,Iñupiatun Eskimo-Latin:10,2295:2305,anniqsuqti,anniqsuqti
Iñupiatun Eskimo-English,page_42,30,134,ps,exact,2306,2307,English-Latin,English-Latin:1,2306:2307,n,n
Iñupiatun Eskimo-English,page_42,30,135,de,exact,2309,2324,English-Latin,English-Latin:13,2309:2324,rescuer; savior,"rescuer, savior"
Iñupiatun Eskimo-English,page_42,30,136,cf,exact,2331,2343,Iñupiatun Eskimo-Latin,Iñupiatun Eskimo-Latin:12,2331:2343,patchisaiqsi,patchisaiqsi
Iñupiatun Eskimo-English,page_42,31,137,lx,exact,2345,2371,Iñupiatun Eskimo-Latin,Iñupiatun Eskimo-Latin:25,2345:2371,anniqsuqti akiqsruutaurauq,anniqsuqti akiqsruutaurauq
Iñupiatun Eskimo-English,page_42,31,138,ps,exact,2372,2373,English-Latin,English-Latin:1,2372:2373,n,n
Iñupiatun Eskimo-English,page_42,31,139,de,exact,2375,2390,English-Latin,English-Latin:13,2375:2390,messiah; christ,"Messiah, Christ"
Iñupiatun Eskimo-English,page_42,31,140,lt,exact,2396,2430,English-Latin,English-Latin:27,2396:2430,'the savior who had been promised','the savior who had been promised'
Iñupiatun Eskimo-English,page_42,31,141,sy,exact,2437,2447,Iñupiatun Eskimo-Latin,Iñupiatun Eskimo-Latin:10,2437:2447,anniqsuqti,anniqsuqti
Iñupiatun Eskimo-English,page_42,32,142,lx,exact,2449,2459,Iñupiatun Eskimo-Latin,Iñupiatun Eskimo-Latin:9,2449:2459,anniqsraq-,anniqsraq-
Iñupiatun Eskimo-English,page_42,32,143,ps,exact,2460,2462,English-Latin,English-Latin:2,2460:2462,vi,vi
Iñupiatun Eskimo-English,page_42,32,144,de,exact,2464,2517,English-Latin,English-Latin:41,2464:2517,to be selfish; to be unwilling to share; to be stingy,"to be selfish, to be unwilling to share, to be stingy"
Iñupiatun Eskimo-English,page_42,32,145,sy,exact,2524,2550,Iñupiatun Eskimo-Latin,Iñupiatun Eskimo-Latin:19,2524:2550,iġḷiktu-; miġvigi-; siqña-,iġḷiktu-; miġvigi-; siqña-
Iñupiatun Eskimo-English,page_42,33,146,lx,exact,2552,2559,Iñupiatun Eskimo-Latin,Iñupiatun Eskimo-Latin:6,2552:2559,annisi-,annisi-
Iñupiatun Eskimo-English,page_42,33,147,ps,exact,2560,2562,English-Latin,English-Latin:2,2560:2562,vt,vt
Iñupiatun Eskimo-English,page_42,33,148,de,exact,2564,2622,English-Latin,English-Latin:48,2564:2622,to take someone or something out; to accompany someone out,"to take someone or something out, to accompany someone out"
Iñupiatun Eskimo-English,page_42,33,149,va,exact,2633,2641,Iñupiatun Eskimo-Latin,Iñupiatun Eskimo-Latin:7,2633:2641,annitri-,annitri-
Iñupiatun Eskimo-English,page_42,34,150,lx,exact,2643,2652,Iñupiatun Eskimo-Latin,Iñupiatun Eskimo-Latin:9,2643:2652,annitchiq,annitchiq
Iñupiatun Eskimo-English,page_42,34,151,ps,exact,2653,2654,English-Latin,English-Latin:1,2653:2654,n,n
Iñupiatun Eskimo-English,page_42,34,152,de,exact,2656,2669,English-Latin,English-Latin:11,2656:2669,penalty; fine,"penalty, fine"
Iñupiatun Eskimo-English,page_42,35,153,lx,exact,2671,2680,Iñupiatun Eskimo-Latin,Iñupiatun Eskimo-Latin:9,2671:2680,anniumman,anniumman
Iñupiatun Eskimo-English,page_42,35,154,ps,exact,2681,2682,English-Latin,English-Latin:1,2681:2682,n,n
Iñupiatun Eskimo-English,page_42,35,155,de,exact,2684,2691,English-Latin,English-Latin:7,2684:2691,empathy,empathy
Iñupiatun Eskimo-English,page_42,35,156,va,exact,2702,2711,Iñupiatun Eskimo-Latin,Iñupiatun Eskimo-Latin:9,2702:2711,atniumman,atniumman
Iñupiatun Eskimo-English,page_42,36,157,lx,exact,2713,2724,Iñupiatun Eskimo-Latin,Iñupiatun Eskimo-Latin:10,2713:2724,anniutchiq-,anniutchiq-
Iñupiatun Eskimo-English,page_42,36,158,ps,exact,2725,2727,English-Latin,English-Latin:2,2725:2727,vi,vi
Iñupiatun Eskimo-English,page_42,36,159,de,exact,2729,2756,English-Latin,English-Latin:24,2729:2756,to experience enduring pain,to experience enduring pain
Iñupiatun Eskimo-English,page_42,36,160,sy,exact,2763,2777,Iñupiatun Eskimo-Latin,Iñupiatun Eskimo-Latin:13,2763:2777,kakivruutchiq-,kakivruutchiq-
Iñupiatun Eskimo-English,page_42,36,161,va,exact,2788,2799,Iñupiatun Eskimo-Latin,Iñupiatun Eskimo-Latin:10,2788:2799,atniutchiq-,atniutchiq-
Iñupiatun Eskimo-English,page_42,37,162,lx,exact,2801,2812,Iñupiatun Eskimo-Latin,Iñupiatun Eskimo-Latin:11,2801:2812,anniutkutaq,anniutkutaq
Iñupiatun Eskimo-English,page_42,37,163,ps,exact,2813,2814,English-Latin,English-Latin:1,2813:2814,n,n
Iñupiatun Eskimo-English,page_42,37,164,sn,structural,,,meta,,,1,1
Iñupiatun Eskimo-English,page_42,37,165,de,compact,2819,2851,English-Latin,English-Latin:28,2819:2851,protection pad (to prevent injury),protection pad (to prevent injury)
Iñupiatun Eskimo-English,page_42,37,166,va,exact,2863,2874,Iñupiatun Eskimo-Latin,Iñupiatun Eskimo-Latin:11,2863:2874,atniutkutaq,atniutkutaq
Iñupiatun Eskimo-English,page_42,37,167,sn,structural,,,meta,,,2,2
Iñupiatun Eskimo-English,page_42,37,168,de,compact,2879,2902,English-Latin,English-Latin:20,2879:2902,fender (alongside a ship),fender (alongside a ship)
Iñupiatun Eskimo-English,page_42,37,169,va,exact,2914,2927,Iñupiatun Eskimo-Latin,Iñupiatun Eskimo-Latin:13,2914:2927,atniyaitkutaq,atniyaitkutaq
Iñupiatun Eskimo-English,page_42,38,170,lx,exact,2929,2938,Iñupiatun Eskimo-Latin,Iñupiatun Eskimo-Latin:9,2929:2938,anniuttaq,anniuttaq
Iñupiatun Eskimo-English,page_42,38,171,ps,exact,2939,2940,English-Latin,English-Latin:1,2939:2940,n,n
Iñupiatun Eskimo-English,page_42,38,172,de,exact,2942,2971,English-Latin,English-Latin:25,2942:2971,chronic pain; persistent pain,"chronic pain, persistent pain"
Iñupiatun Eskimo-English,page_42,38,173,va,exact,2982,2991,Iñupiatun Eskimo-Latin,Iñupiatun Eskimo-Latin:9,2982:2991,atniuttaq,atniuttaq
Iñupiatun Eskimo-English,page_42,39,174,lx,exact,2993,3004,Iñupiatun Eskimo-Latin,Iñupiatun Eskimo-Latin:11,2993:3004,anniuyumman,anniuyumman
Iñupiatun Eskimo-English,page_42,39,175,ps,exact,3005,3006,English-Latin,English-Latin:1,3005:3006,n,n
Iñupiatun Eskimo-English,page_42,39,176,de,exact,3008,3014,English-Latin,English-Latin:6,3008:3014,insult,insult
Iñupiatun Eskimo-English,page_42,39,177,va,exact,3025,3036,Iñupiatun Eskimo-Latin,Iñupiatun Eskimo-Latin:11,3025:3036,atniuyumman,atniuyumman
Iñupiatun Eskimo-English,page_42,40,178,lx,exact,3038,3049,Iñupiatun Eskimo-Latin,Iñupiatun Eskimo-Latin:10,3038:3049,annivaktaq-,annivaktaq-
Iñupiatun Eskimo-English,page_42,40,179,ps,exact,3050,3052,English-Latin,English-Latin:2,3050:3052,vi,vi
Iñupiatun Eskimo-English,page_42,40,180,de,exact,3054,3093,English-Latin,English-Latin:32,3054:3093,to have acute pain; to experience colic,to have acute pain; to experience colic
Iñupiatun Eskimo-English,page_42,40,181,cf,exact,3100,3108,Iñupiatun Eskimo-Latin,Iñupiatun Eskimo-Latin:7,3100:3108,saŋniuq-,saŋniuq-
Iñupiatun Eskimo-English,page_42,40,182,va,exact,3119,3130,Iñupiatun Eskimo-Latin,Iñupiatun Eskimo-Latin:10,3119:3130,atnivaktaq-,atnivaktaq-
Iñupiatun Eskimo-English,page_42,41,183,lx,exact,3132,3139,Iñupiatun Eskimo-Latin,Iñupiatun Eskimo-Latin:7,3132:3139,annivik,annivik
Iñupiatun Eskimo-English,page_42,41,184,ps,exact,3140,3141,English-Latin,English-Latin:1,3140:3141,n,n
Iñupiatun Eskimo-English,page_42,41,185,de,exact,3143,3157,English-Latin,English-Latin:12,3143:3157,place of birth,place of birth
Iñupiatun Eskimo-English,page_42,42,186,lx,exact,3159,3172,Iñupiatun Eskimo-Latin,Iñupiatun Eskimo-Latin:13,3159:3172,anniviḷił̣iaq,anniviḷił̣iaq
Iñupiatun Eskimo-English,page_42,42,187,ps,exact,3173,3174,English-Latin,English-Latin:1,3173:3174,n,n
Iñupiatun Eskimo-English,page_42,42,188,de,exact,3176,3184,English-Latin,English-Latin:8,3176:3184,birthday,birthday
Iñupiatun Eskimo-English,page_42,42,189,cf,exact,3191,3202,Iñupiatun Eskimo-Latin,Iñupiatun Eskimo-Latin:11,3191:3202,aniḷġatałiq,aniḷġatałiq
Iñupiatun Eskimo-English,page_42,43,190,lx,exact,3204,3214,Iñupiatun Eskimo-Latin,Iñupiatun Eskimo-Latin:9,3204:3214,anniviḷit-,anniviḷit-
Iñupiatun Eskimo-English,page_42,43,191,ps,exact,3215,3217,English-Latin,English-Latin:2,3215:3217,vi,vi
Iñupiatun Eskimo-English,page_42,43,192,de,exact,3219,3262,English-Latin,English-Latin:35,3219:3262,to celebrate a birthday; to have a birthday,"to celebrate a birthday, to have a birthday"
Iñupiatun Eskimo-English,page_42,44,193,lx,exact,3264,3271,Iñupiatun Eskimo-Latin,Iñupiatun Eskimo-Latin:6,3264:3271,anniya-,anniya-
Iñupiatun Eskimo-English,page_42,44,194,ps,exact,3272,3274,English-Latin,English-Latin:2,3272:3274,vi,vi
Iñupiatun Eskimo-English,page_42,44,195,de,exact,3276,3327,English-Latin,English-Latin:39,3276:3327,to be tender to touch; to be sore; to injure easily,"to be tender to touch, to be sore; to injure easily"
Iñupiatun Eskimo-English,page_42,44,196,va,exact,3338,3345,Iñupiatun Eskimo-Latin,Iñupiatun Eskimo-Latin:6,3338:3345,atniya-,atniya-
Iñupiatun Eskimo-English,page_42,45,197,lx,exact,3347,3353,Iñupiatun Eskimo-Latin,Iñupiatun Eskimo-Latin:5,3347:3353,annut-,annut-
Iñupiatun Eskimo-English,page_42,45,198,ue,exact,3354,3355,English-Latin,English-Latin:1,3354:3355,c,C
Iñupiatun Eskimo-English,page_42,45,199,ps,exact,3357,3359,English-Latin,English-Latin:2,3357:3359,vi,vi
Iñupiatun Eskimo-English,page_42,45,200,de,exact,3361,3378,English-Latin,English-Latin:13,3361:3378,to frown; to pout,"to frown, to pout"
Iñupiatun Eskimo-English,page_42,46,201,lx,exact,3380,3385,Iñupiatun Eskimo-Latin,Iñupiatun Eskimo-Latin:5,3380:3385,anŋik,anŋik
Iñupiatun Eskimo-English,page_42,46,202,ps,exact,3386,3387,English-Latin,English-Latin:1,3386:3387,n,n
Iñupiatun Eskimo-English,page_42,46,203,de,exact,3389,3407,English-Latin,English-Latin:15,3389:3407,patch on boot sole,patch on boot sole
Iñupiatun Eskimo-English,page_42,47,204,lx,exact,3409,3415,Iñupiatun Eskimo-Latin,Iñupiatun Eskimo-Latin:5,3409:3415,anŋik-,anŋik-
Iñupiatun Eskimo-English,page_42,47,205,ps,exact,3416,3418,English-Latin,English-Latin:2,3416:3418,vt,vt
Iñupiatun Eskimo-English,page_42,47,206,de,exact,3420,3440,English-Latin,English-Latin:16,3420:3440,to patch a boot sole,to patch a boot sole
Iñupiatun Eskimo-English,page_42,48,207,lx,exact,3442,3450,Iñupiatun Eskimo-Latin,Iñupiatun Eskimo-Latin:8,3442:3450,anŋiqpak,anŋiqpak
Iñupiatun Eskimo-English,page_42,48,208,ps,exact,3451,3452,English-Latin,English-Latin:1,3451:3452,n,n
Iñupiatun Eskimo-English,page_42,48,209,de,exact,3454,3472,English-Latin,English-Latin:16,3454:3472,modern style boots,modern style boots
Iñupiatun Eskimo-English,page_42,49,210,lx,exact,3474,3479,Iñupiatun Eskimo-Latin,Iñupiatun Eskimo-Latin:5,3474:3479,anŋun,anŋun
Iñupiatun Eskimo-English,page_42,49,211,ue,exact,3480,3481,English-Latin,English-Latin:1,3480:3481,c,C
Iñupiatun Eskimo-English,page_42,49,212,ps,exact,3483,3484,English-Latin,English-Latin:1,3483:3484,n,n
Iñupiatun Eskimo-English,page_42,49,213,sn,structural,,,meta,,,1,1
Iñupiatun Eskimo-English,page_42,49,214,de,compact,3489,3512,English-Latin,English-Latin:20,3489:3512,pitch (for caulking boat),pitch (for caulking boat)
Iñupiatun Eskimo-English,page_42,49,215,sn,structural,,,meta,,,2,2
Iñupiatun Eskimo-English,page_42,49,216,de,exact,3518,3532,English-Latin,English-Latin:12,3518:3532,fuel for stove,fuel for stove
Iñupiatun Eskimo-English,page_42,50,217,lx,exact,3534,3537,Iñupiatun Eskimo-Latin,Iñupiatun Eskimo-Latin:3,3534:3537,anu,anu
Iñupiatun Eskimo-English,page_42,50,218,ps,exact,3538,3539,English-Latin,English-Latin:1,3538:3539,n,n
Iñupiatun Eskimo-English,page_42,50,219,sn,structural,,,meta,,,1,1
Iñupiatun Eskimo-English,page_42,50,220,de,exact,3544,3551,English-Latin,English-Latin:7,3544:3551,harness,harness
Iñupiatun Eskimo-English,page_42,50,221,sn,structural,,,meta,,,2,2
Iñupiatun Eskimo-English,page_42,50,222,de,exact,3556,3570,English-Latin,English-Latin:13,3556:3570,mitten strings,mitten strings
Iñupiatun Eskimo-English,page_42,50,223,sy,exact,3577,3586,Iñupiatun Eskimo-Latin,Iñupiatun Eskimo-Latin:9,3577:3586,agluuttaq,agluuttaq
Iñupiatun Eskimo-English,page_42,50,224,sn,structural,,,meta,,,3,3
Iñupiatun Eskimo-English,page_42,50,225,de,exact,3591,3600,English-Latin,English-Latin:8,3591:3600,arm-sling,arm-sling
Iñupiatun Eskimo-English,page_42,50,226,cf,exact,3607,3617,Iñupiatun Eskimo-Latin,Iñupiatun Eskimo-Latin:10,3607:3617,aaqsuuttaq,aaqsuuttaq
Iñupiatun Eskimo-English,page_42,51,227,lx,exact,3619,3623,Iñupiatun Eskimo-Latin,Iñupiatun Eskimo-Latin:3,3619:3623,anu-,anu-
Iñupiatun Eskimo-English,page_42,51,228,ps,exact,3624,3626,English-Latin,English-Latin:2,3624:3626,vt,vt
Iñupiatun Eskimo-English,page_42,51,229,de,exact,3628,3657,English-Latin,English-Latin:23,3628:3657,to harness; to put harness on,"to harness, to put harness on"
Iñupiatun Eskimo-English,page_42,51,230,cf,exact,3664,3672,Iñupiatun Eskimo-Latin,Iñupiatun Eskimo-Latin:7,3664:3672,anuulaq-,anuulaq-
Iñupiatun Eskimo-English,page_42,52,231,lx,exact,3674,3682,Iñupiatun Eskimo-Latin,Iñupiatun Eskimo-Latin:7,3674:3682,anuġaiq-,anuġaiq-
Iñupiatun Eskimo-English,page_42,52,232,ps,exact,3683,3685,English-Latin,English-Latin:2,3683:3685,vi,vi
Iñupiatun Eskimo-English,page_42,52,233,de,compact,3687,3707,English-Latin,English-Latin:16,3687:3707,to calm down (of wind),to calm down (of wind)
Iñupiatun Eskimo-English,page_42,53,234,lx,exact,3710,3715,Iñupiatun Eskimo-Latin,Iñupiatun Eskimo-Latin:5,3710:3715,anuġi,anuġi
Iñupiatun Eskimo-English,page_42,53,235,ps,exact,3716,3717,English-Latin,English-Latin:1,3716:3717,n,n
Iñupiatun Eskimo-English,page_42,53,236,de,exact,3719,3723,English-Latin,English-Latin:4,3719:3723,wind,wind
Iñupiatun Eskimo-English,page_42,53,237,cf,exact,3730,3738,Iñupiatun Eskimo-Latin,Iñupiatun Eskimo-Latin:7,3730:3738,anuqłiq-,anuqłiq-
Iñupiatun Eskimo-English,page_42,54,238,lx,exact,3740,3749,Iñupiatun Eskimo-Latin,Iñupiatun Eskimo-Latin:9,3740:3749,anuġiqłuk,anuġiqłuk
Iñupiatun Eskimo-English,page_42,54,239,ps,exact,3750,3751,English-Latin,English-Latin:1,3750:3751,n,n
Iñupiatun Eskimo-English,page_42,54,240,de,exact,3753,3777,English-Latin,English-Latin:19,3753:3777,strong wind; storm; gale,"strong wind, storm, gale"
Iñupiatun Eskimo-English,page_42,54,241,sy,exact,3784,3789,Iñupiatun Eskimo-Latin,Iñupiatun Eskimo-Latin:5,3784:3789,aŋniq,aŋniq
Iñupiatun Eskimo-English,page_42,55,242,lx,exact,3791,3800,Iñupiatun Eskimo-Latin,Iñupiatun Eskimo-Latin:9,3791:3800,anuġisiun,anuġisiun
Iñupiatun Eskimo-English,page_42,55,243,ps,exact,3801,3802,English-Latin,English-Latin:1,3801:3802,n,n
Iñupiatun Eskimo-English,page_42,55,244,sn,structural,,,meta,,,1,1
Iñupiatun Eskimo-English,page_42,55,245,de,exact,3807,3816,English-Latin,English-Latin:8,3807:3816,wind vane,wind vane
Iñupiatun Eskimo-English,page_42,55,246,sn,structural,,,meta,,,2,2
Iñupiatun Eskimo-English,page_42,55,247,de,exact,3821,3830,English-Latin,English-Latin:9,3821:3830,barometer,barometer
Iñupiatun Eskimo-English,page_42,56,248,lx,exact,3832,3840,Iñupiatun Eskimo-Latin,Iñupiatun Eskimo-Latin:8,3832:3840,anuksraq,anuksraq
Iñupiatun Eskimo-English,page_42,56,249,ps,exact,3841,3842,English-Latin,English-Latin:1,3841:3842,n,n
Iñupiatun Eskimo-English,page_42,56,250,de,exact,3844,3859,English-Latin,English-Latin:14,3844:3859,harness webbing,harness webbing
Iñupiatun Eskimo-English,page_42,57,251,lx,exact,3861,3877,Iñupiatun Eskimo-Latin,Iñupiatun Eskimo-Latin:15,3861:3877,anuqłiġuutipkaq-,anuqłiġuutipkaq-
Iñupiatun Eskimo-English,page_42,57,252,ps,exact,3878,3880,English-Latin,English-Latin:2,3878:3880,vi,vi
Iñupiatun Eskimo-English,page_42,57,253,de,exact,3882,3905,English-Latin,English-Latin:18,3882:3905,to be caught in a storm,to be caught in a storm
Iñupiatun Eskimo-English,page_42,57,254,va,exact,3916,3930,Iñupiatun Eskimo-Latin,Iñupiatun Eskimo-Latin:13,3916:3930,aŋniġuutipkaq-,aŋniġuutipkaq-
Iñupiatun Eskimo-English,page_42,58,255,lx,exact,3932,3940,Iñupiatun Eskimo-Latin,Iñupiatun Eskimo-Latin:7,3932:3940,anuqłiq-,anuqłiq-
Iñupiatun Eskimo-English,page_42,58,256,ps,exact,3941,3943,English-Latin,English-Latin:2,3941:3943,vi,vi
Iñupiatun Eskimo-English,page_42,58,257,de,exact,3945,3971,English-Latin,English-Latin:20,3945:3971,to be windy; to be blowing,"to be windy, to be blowing"
Iñupiatun Eskimo-English,page_42,58,258,cf,exact,3978,3983,Iñupiatun Eskimo-Latin,Iñupiatun Eskimo-Latin:5,3978:3983,anuġi,anuġi
Iñupiatun Eskimo-English,page_42,59,259,lx,exact,3985,3999,Iñupiatun Eskimo-Latin,Iñupiatun Eskimo-Latin:14,3985:3999,anuqsraaġuraaq,anuqsraaġuraaq
Iñupiatun Eskimo-English,page_42,59,260,ps,exact,4000,4001,English-Latin,English-Latin:1,4000:4001,n,n
Iñupiatun Eskimo-English,page_42,59,261,de,exact,4003,4015,English-Latin,English-Latin:11,4003:4015,light breeze,light breeze
Iñupiatun Eskimo-English,page_42,59,262,sy,exact,4022,4030,Iñupiatun Eskimo-Latin,Iñupiatun Eskimo-Latin:8,4022:4030,aqłanaaq,aqłanaaq
Iñupiatun Eskimo-English,page_42,59,263,va,exact,4041,4049,Iñupiatun Eskimo-Latin,Iñupiatun Eskimo-Latin:8,4041:4049,anuqłaaq,anuqłaaq
Iñupiatun Eskimo-English,page_42,60,264,lx,exact,4051,4062,Iñupiatun Eskimo-Latin,Iñupiatun Eskimo-Latin:11,4051:4062,anuqsralaaq,anuqsralaaq
Iñupiatun Eskimo-English,page_42,60,265,ps,exact,4063,4064,English-Latin,English-Latin:1,4063:4064,n,n
Iñupiatun Eskimo-English,page_42,60,266,de,exact,4066,4072,English-Latin,English-Latin:6,4066:4072,breeze,breeze
Iñupiatun Eskimo-English,page_42,60,267,sy,exact,4079,4087,Iñupiatun Eskimo-Latin,Iñupiatun Eskimo-Latin:8,4079:4087,aqłanaaq,aqłanaaq
Iñupiatun Eskimo-English,page_42,60,268,va,exact,4098,4122,Iñupiatun Eskimo-Latin,Iñupiatun Eskimo-Latin:22,4098:4122,anuġraaq; anuqsraaġuraaq,anuġraaq; anuqsraaġuraaq
Iñupiatun Eskimo-English,page_42,61,269,lx,exact,4124,4132,Iñupiatun Eskimo-Latin,Iñupiatun Eskimo-Latin:7,4124:4132,anuqsru-,anuqsru-
Iñupiatun Eskimo-English,page_42,61,270,ps,exact,4133,4135,English-Latin,English-Latin:2,4133:4135,vi,vi
Iñupiatun Eskimo-English,page_42,61,271,de,exact,4137,4219,English-Latin,English-Latin:64,4137:4219,to endure; to bear great pain or sorrow with fortitude; to be stoic; to be patient,"to endure, to bear great pain or sorrow with fortitude; to be stoic; to be patient"
Iñupiatun Eskimo-English,page_42,61,272,sy,exact,4226,4243,Iñupiatun Eskimo-Latin,English-Latin:1;Iñupiatun Eskimo-Latin:12,4226:4243,igḷutuq-; isiqsu-,igḷutuq-; isiqsu-
Kashmiri-English,page_14,0,0,lx,exact,28,36,Kashmiri-Latin,Kashmiri-Latin:7,28:36,akiha:th,akIhA:Th
Kashmiri-English,page_14,0,1,ps,exact,37,38,English-Latin,English-Latin:1,37:38,a,a
Kashmiri-English,page_14,0,2,va,exact,40,49,Kashmiri-Arabic,Kashmiri-Arabic:8,40:49,اکہٕ ہأٹھ,اکہٕ ہأٹھ
Kashmiri-English,page_14,0,3,ge,exact,50,59,English-Latin,English-Latin:8,50:59,sixty one,sixty one
Kashmiri-English,page_14,1,4,lx,exact,60,67,Kashmiri-Latin,Kashmiri-Latin:6,60:67,aki d>h,aki d>h
Kashmiri-English,page_14,1,5,ps,exact,68,70,English-Latin,English-Latin:2,68:70,ad,ad
Kashmiri-English,page_14,1,6,va,exact,72,80,Kashmiri-Arabic,Kashmiri-Arabic:7,72:80,اکہِ دۄہ,اکہِ دۄہ
Kashmiri-English,page_14,1,7,ge,exact,81,88,English-Latin,English-Latin:6,81:88,one day,one day
Kashmiri-English,page_14,2,8,lx,exact,89,97,Kashmiri-Latin,Kashmiri-Latin:7,89:97,aki lati,aki laTi
Kashmiri-English,page_14,2,9,ps,exact,98,100,English-Latin,English-Latin:2,98:100,ad,ad
Kashmiri-English,page_14,2,10,va,exact,102,111,Kashmiri-Arabic,Kashmiri-Arabic:8,102:111,اکہِ لٹہِ,اکہِ لٹہِ
Kashmiri-English,page_14,2,11,ge,exact,112,116,English-Latin,English-Latin:4,112:116,once,once
Kashmiri-English,page_14,3,12,lx,exact,117,122,Kashmiri-Latin,Kashmiri-Latin:5,117:122,aktar,akTar
Kashmiri-English,page_14,3,13,pd,exact,123,124,English-Latin,English-Latin:1,123:124,m,m
Kashmiri-English,page_14,3,14,va,exact,127,132,Kashmiri-Arabic,Kashmiri-Arabic:5,127:132,اکٹَر,اکٹَر
Kashmiri-English,page_14,3,15,ge,exact,133,138,English-Latin,English-Latin:5,133:138,actor,actor
Kashmiri-English,page_14,4,16,lx,exact,139,147,Kashmiri-Latin,Kashmiri-Latin:7,139:147,aktu:bar,aktu:bar
Kashmiri-English,page_14,4,17,pd,exact,148,149,English-Latin,English-Latin:1,148:149,m,m
Kashmiri-English,page_14,4,18,va,exact,152,159,Kashmiri-Arabic,Kashmiri-Arabic:7,152:159,اکتوٗبر,اکتوٗبر
Kashmiri-English,page_14,4,19,ge,exact,160,167,English-Latin,English-Latin:7,160:167,october,October
Kashmiri-English,page_14,5,20,lx,exact,168,177,Kashmiri-Latin,Kashmiri-Latin:8,168:177,akli mond,akli monD
Kashmiri-English,page_14,5,21,ps,exact,178,179,English-Latin,English-Latin:1,178:179,a,a
Kashmiri-English,page_14,5,22,va,exact,181,191,Kashmiri-Arabic,Kashmiri-Arabic:9,181:191,عقلہِ مونڈ,عقلہِ مونڈ
Kashmiri-English,page_14,5,23,ge,exact,192,199,English-Latin,English-Latin:7,192:199,foolish,foolish
Kashmiri-English,page_14,6,24,lx,exact,200,205,Kashmiri-Latin,Kashmiri-Latin:5,200:205,aksar,aksar
Kashmiri-English,page_14,6,25,ps,exact,206,208,English-Latin,English-Latin:2,206:208,ad,ad
Kashmiri-English,page_14,6,26,va,exact,210,214,Kashmiri-Arabic,Kashmiri-Arabic:4,210:214,اکثر,اکثر
Kashmiri-English,page_14,6,27,ge,exact,215,231,English-Latin,English-Latin:14,215:231,often; generally,"often, generally"
Kashmiri-English,page_14,7,28,lx,exact,232,235,Kashmiri-Latin,Kashmiri-Latin:3,232:235,akh,akh
Kashmiri-English,page_14,7,29,ps,exact,236,237,English-Latin,English-Latin:1,236:237,a,a
Kashmiri-English,page_14,7,30,va,exact,239,242,Kashmiri-Arabic,Kashmiri-Arabic:3,239:242,اکھ,اکھ
Kashmiri-English,page_14,7,31,ge,exact,243,246,English-Latin,English-Latin:3,243:246,one,one
Kashmiri-English,page_14,8,32,lx,exact,247,254,Kashmiri-Latin,Kashmiri-Latin:6,247:254,akha:di,akha:DI
Kashmiri-English,page_14,8,33,pd,exact,255,256,English-Latin,English-Latin:1,255:256,m,m
Kashmiri-English,page_14,8,34,va,exact,259,265,Kashmiri-Arabic,Kashmiri-Arabic:6,259:265,اکھاڈٕ,اکھاڈٕ
Kashmiri-English,page_14,8,35,ge,compact,266,295,English-Latin,English-Latin:24,266:295,field (wrestling field); arena,"field (wrestling field), arena"
Kashmiri-English,page_14,9,36,lx,exact,296,302,Kashmiri-Latin,Kashmiri-Latin:6,296:302,akhtuy,akhtuy
Kashmiri-English,page_14,9,37,ps,exact,303,306,English-Latin,English-Latin:3,303:306,par,par
Kashmiri-English,page_14,9,38,va,exact,308,314,Kashmiri-Arabic,Kashmiri-Arabic:6,308:314,اکھتُے,اکھتُے
Kashmiri-English,page_14,9,39,ge,exact,315,319,English-Latin,English-Latin:4,315:319,also,also
Kashmiri-English,page_14,10,40,lx,exact,320,330,Kashmiri-Latin,Kashmiri-Latin:8,320:330,akh dama:h,akh dama:h
Kashmiri-English,page_14,10,41,ps,exact,353,355,English-Latin,English-Latin:2,353:355,ad,ad
Kashmiri-English,page_14,10,42,va,exact,331,340,Kashmiri-Arabic,Kashmiri-Arabic:8,331:340,اکھ دَماہ,اکھ دَماہ
Kashmiri-English,page_14,10,43,ge,exact,341,352,English-Latin,English-Latin:9,341:352,for a while,for a while
Kashmiri-English,page_14,11,44,lx,exact,357,364,Kashmiri-Latin,Kashmiri-Latin:6,357:364,akhba:r,akhba:r
Kashmiri-English,page_14,11,45,pd,exact,365,366,English-Latin,English-Latin:1,365:366,m,m
Kashmiri-English,page_14,11,46,va,exact,369,374,Kashmiri-Arabic,Kashmiri-Arabic:5,369:374,اخبار,اخبار
Kashmiri-English,page_14,11,47,ge,compact,375,396,English-Latin,English-Latin:19,375:396,newspaper/newspapers,newspaper/newspapers
Kashmiri-English,page_14,12,48,lx,exact,397,409,Kashmiri-Latin,Kashmiri-Latin:10,397:409,akh'ur/achur,akh'ur/achur
Kashmiri-English,page_14,12,49,pd,exact,433,434,English-Latin,English-Latin:1,433:434,m,m
Kashmiri-English,page_14,12,50,va,token,410,442,Kashmiri-Arabic,Kashmiri-Arabic:12,410:417;437:442,اکھیوُر / اچھُر,اکھیوُر / اچھُر
Kashmiri-English,page_14,12,51,ge,token,420,451,English-Latin,English-Latin:18,420:426;427:429;430:432;443:451,letter of an alphabet,letter of an alphabet
Kashmiri-English,page_14,13,52,lx,exact,452,457,Kashmiri-Latin,Kashmiri-Latin:5,452:457,agast,agast
Kashmiri-English,page_14,13,53,pd,exact,458,459,English-Latin,English-Latin:1,458:459,m,m
Kashmiri-English,page_14,13,54,va,exact,462,467,Kashmiri-Arabic,Kashmiri-Arabic:5,462:467,اَگست,اَگست
Kashmiri-English,page_14,13,55,ge,exact,468,474,English-Latin,English-Latin:6,468:474,august,August
Kashmiri-English,page_14,14,56,lx,exact,475,483,Kashmiri-Latin,Kashmiri-Latin:7,475:483,achida:r,achidA:r
Kashmiri-English,page_14,14,57,pd,exact,484,487,English-Latin,English-Latin:2,484:487,f.s,f.s
Kashmiri-English,page_14,14,58,va,exact,490,498,Kashmiri-Arabic,Kashmiri-Arabic:7,490:498,اچھِ دأر,اچھِ دأر
Kashmiri-English,page_14,14,59,ge,exact,499,505,English-Latin,English-Latin:5,499:505,a doll,a doll
Kashmiri-English,page_14,14,60,pl,exact,506,515,Kashmiri-Latin,Kashmiri-Latin:8,506:515,achida:ri,Achida:ri
Kashmiri-English,page_14,15,61,lx,exact,519,528,Kashmiri-Latin,Kashmiri-Latin:8,519:528,achipo:sh,achipo:sh
Kashmiri-English,page_14,15,62,ps,exact,529,530,English-Latin,English-Latin:1,529:530,n,n
Kashmiri-English,page_14,15,63,va,exact,532,539,Kashmiri-Arabic,Kashmiri-Arabic:6,532:539,اچھ پوش,اچھ پوش
Kashmiri-English,page_14,15,64,ge,exact,540,548,English-Latin,English-Latin:7,540:548,a flower,a flower
Kashmiri-English,page_14,16,65,lx,exact,549,554,Kashmiri-Latin,Kashmiri-Latin:5,549:554,atsun,atsun
Kashmiri-English,page_14,16,66,ps,exact,555,556,English-Latin,English-Latin:1,555:556,v,v
Kashmiri-English,page_14,16,67,va,exact,558,562,Kashmiri-Arabic,Kashmiri-Arabic:4,558:562,اژُن,اژُن
Kashmiri-English,page_14,16,68,ge,exact,563,571,English-Latin,English-Latin:7,563:571,to enter,to enter
Kashmiri-English,page_14,17,69,lx,exact,572,582,Kashmiri-Latin,Kashmiri-Latin:10,572:582,atshlratsh,atshlratsh
Kashmiri-English,page_14,17,70,pd,exact,583,586,English-Latin,English-Latin:2,583:586,f.s,f.s
Kashmiri-English,page_14,17,71,va,exact,589,596,Kashmiri-Arabic,Kashmiri-Arabic:6,589:596,اژٕ رژھ,اژٕ رژھ
Kashmiri-English,page_14,17,72,ge,compact,597,628,English-Latin,English-Latin:26,597:628,dancing girl/prostitute; nymph,"dancing girl/prostitute, nymph"
Kashmiri-English,page_14,17,73,pl,exact,629,640,Kashmiri-Latin,Kashmiri-Latin:11,629:640,atshlratshl,atshlratshl
Kashmiri-English,page_14,18,74,lx,exact,644,649,Kashmiri-Latin,Kashmiri-Latin:5,644:649,ajant,ajanT
Kashmiri-English,page_14,18,75,pd,exact,650,651,English-Latin,English-Latin:1,650:651,m,m
Kashmiri-English,page_14,18,76,va,exact,654,660,Kashmiri-Arabic,Kashmiri-Arabic:6,654:660,اَجَنٹ,اَجَنٹ
Kashmiri-English,page_14,18,77,ge,exact,661,666,English-Latin,English-Latin:5,661:666,agent,agent
Kashmiri-English,page_14,19,78,lx,exact,667,671,Kashmiri-Latin,Kashmiri-Latin:4,667:671,ajal,ajal
Kashmiri-English,page_14,19,79,pd,exact,672,673,English-Latin,English-Latin:1,672:673,m,m
Kashmiri-English,page_14,19,80,va,exact,676,680,Kashmiri-Arabic,Kashmiri-Arabic:4,676:680,اَجل,اَجل
Kashmiri-English,page_14,19,81,ge,exact,681,686,English-Latin,English-Latin:5,681:686,death,death
Kashmiri-English,page_14,20,82,lx,exact,687,697,Kashmiri-Latin,Kashmiri-Latin:9,687:697,aja:yibgar,ajA:yibgar
Kashmiri-English,page_14,20,83,pd,exact,707,708,English-Latin,English-Latin:1,707:708,m,m
Kashmiri-English,page_14,20,84,va,exact,698,706,Kashmiri-Arabic,Kashmiri-Arabic:7,698:706,عجأیب گر,عجأیب گر
Kashmiri-English,page_14,20,85,ge,exact,707,713,English-Latin,English-Latin:6,707:713,museum,museum
Kashmiri-English,page_14,21,86,lx,exact,718,720,Kashmiri-Latin,Kashmiri-Latin:2,718:720,az,az
Kashmiri-English,page_14,21,87,ps,exact,721,723,English-Latin,English-Latin:2,721:723,ad,ad
Kashmiri-English,page_14,21,88,va,exact,725,728,Kashmiri-Arabic,Kashmiri-Arabic:3,725:728,اَز,اَز
Kashmiri-English,page_14,21,89,ge,exact,729,734,English-Latin,English-Latin:5,729:734,today,today
Kashmiri-English,page_14,22,90,lx,exact,735,742,Kashmiri-Latin,Kashmiri-Latin:7,735:742,azarvun,azarvun
Kashmiri-English,page_14,22,91,pd,exact,743,744,English-Latin,English-Latin:1,743:744,m,m
Kashmiri-English,page_14,22,92,va,exact,747,754,Kashmiri-Arabic,Kashmiri-Arabic:7,747:754,اَزروُن,اَزروُن
Kashmiri-English,page_14,22,93,ge,exact,755,763,English-Latin,English-Latin:8,755:763,jealousy,jealousy
Kashmiri-English,page_14,23,94,lx,exact,764,769,Kashmiri-Latin,Kashmiri-Latin:4,764:769,aza:n,aza:n
Kashmiri-English,page_14,23,95,ps,exact,770,771,English-Latin,English-Latin:1,770:771,a,a
Kashmiri-English,page_14,23,96,va,exact,773,778,Kashmiri-Arabic,Kashmiri-Arabic:5,773:778,اَزان,اَزان
Kashmiri-English,page_14,23,97,ge,exact,779,800,English-Latin,English-Latin:19,779:800,ignorant; unqualified,"ignorant, unqualified"
Kashmiri-English,page_14,24,98,lx,exact,801,806,Kashmiri-Latin,Kashmiri-Latin:4,801:806,aza:b,aza:b
Kashmiri-English,page_14,24,99,pd,exact,807,808,English-Latin,English-Latin:1,807:808,m,m
Kashmiri-English,page_14,24,100,va,exact,811,816,Kashmiri-Arabic,Kashmiri-Arabic:5,811:816,عَذاب,عَذاب
Kashmiri-English,page_14,24,101,ge,exact,817,836,English-Latin,English-Latin:17,817:836,discomfort; torture,"discomfort, torture"
Kashmiri-English,page_14,25,102,lx,exact,837,842,Kashmiri-Latin,Kashmiri-Latin:4,837:842,aza:r,aza:r
Kashmiri-English,page_14,25,103,pd,exact,843,844,English-Latin,English-Latin:1,843:844,m,m
Kashmiri-English,page_14,25,104,va,exact,847,852,Kashmiri-Arabic,Kashmiri-Arabic:5,847:852,اَزار,اَزار
Kashmiri-English,page_14,25,105,ge,exact,853,864,English-Latin,English-Latin:10,853:864,labour pain,labour pain
Kashmiri-English,page_14,26,106,lx,exact,865,870,Kashmiri-Latin,Kashmiri-Latin:5,865:870,azkal,azkal
Kashmiri-English,page_14,26,107,ps,exact,871,873,English-Latin,English-Latin:2,871:873,ad,ad
Kashmiri-English,page_14,26,108,va,exact,875,881,Kashmiri-Arabic,Kashmiri-Arabic:6,875:881,اَزکَل,اَزکَل
Kashmiri-English,page_14,26,109,ge,exact,882,902,English-Latin,English-Latin:17,882:902,nowadays; these days,"nowadays, these days"
Kashmiri-English,page_14,27,110,lx,exact,903,908,Kashmiri-Latin,Kashmiri-Latin:5,903:908,azmat,azmat
Kashmiri-English,page_14,27,111,pd,exact,909,910,English-Latin,English-Latin:1,909:910,f,f
Kashmiri-English,page_14,27,112,va,exact,913,919,Kashmiri-Arabic,Kashmiri-Arabic:5,913:919,عز متھ,عز متھ
Kashmiri-English,page_14,27,113,ge,exact,920,942,English-Latin,English-Latin:20,920:942,grandeur; magnificance,"grandeur, magnificance"
Kashmiri-English,page_14,28,114,lx,exact,943,949,Kashmiri-Latin,Kashmiri-Latin:5,943:949,azta:m,azta:m
Kashmiri-English,page_14,28,115,ps,exact,950,952,English-Latin,English-Latin:2,950:952,ad,ad
Kashmiri-English,page_14,28,116,va,exact,954,960,Kashmiri-Arabic,Kashmiri-Arabic:6,954:960,اَزتام,اَزتام
Kashmiri-English,page_14,28,117,ge,exact,961,979,English-Latin,English-Latin:14,961:979,upto now; till now,"upto now, till now"
Kashmiri-English,page_14,29,118,lx,exact,980,989,Kashmiri-Latin,Kashmiri-Latin:7,980:989,az paga:h,az paga:h
Kashmiri-English,page_14,29,119,ps,exact,990,992,English-Latin,English-Latin:2,990:992,ad,ad
Kashmiri-English,page_14,29,120,va,exact,994,1003,Kashmiri-Arabic,Kashmiri-Arabic:8,994:1003,اَز پَگاہ,اَز پَگاہ
Kashmiri-English,page_14,29,121,ge,exact,1004,1021,English-Latin,English-Latin:15,1004:1021,today or tomorrow,today or tomorrow
Kashmiri-English,page_14,30,122,lx,exact,1022,1025,Kashmiri-Latin,Kashmiri-Latin:3,1022:1025,ati,aTI
Kashmiri-English,page_14,30,123,ps,exact,1026,1027,English-Latin,English-Latin:1,1026:1027,n,n
Kashmiri-English,page_14,30,124,va,exact,1029,1033,Kashmiri-Arabic,Kashmiri-Arabic:4,1029:1033,اٹہٕ,اٹہٕ
Kashmiri-English,page_14,30,125,ge,exact,1034,1059,English-Latin,English-Latin:20,1034:1059,rope for the load on back,rope for the load on back
Kashmiri-English,page_14,31,126,lx,exact,1060,1067,Kashmiri-Latin,Kashmiri-Latin:6,1060:1067,atlba:r,aTlba:r
Kashmiri-English,page_14,31,127,pd,exact,1068,1069,English-Latin,English-Latin:1,1068:1069,m,m
Kashmiri-English,page_14,31,128,va,exact,1072,1080,Kashmiri-Arabic,Kashmiri-Arabic:7,1072:1080,اٹہٕ بور,اٹہٕ بور
Kashmiri-English,page_14,31,129,ge,compact,1081,1104,English-Latin,English-Latin:19,1081:1104,load on shoulders/back,load on shoulders/back
Kashmiri-English,page_14,32,130,lx,exact,1105,1111,Kashmiri-Latin,Kashmiri-Latin:6,1105:1111,atihor,aTIhor
Kashmiri-English,page_14,32,131,pd,exact,1112,1113,English-Latin,English-Latin:1,1112:1113,m,m
Kashmiri-English,page_14,32,132,va,exact,1116,1124,Kashmiri-Arabic,Kashmiri-Arabic:7,1116:1124,اٹہِ ہۆر,اٹہِ ہۆر
Kashmiri-English,page_14,32,133,ge,exact,1125,1169,English-Latin,English-Latin:37,1125:1169,an ear ornament worn by kashmiri hindu women,an ear ornament worn by Kashmiri Hindu women
Kashmiri-English,page_14,33,134,lx,exact,1170,1174,Kashmiri-Latin,Kashmiri-Latin:4,1170:1174,atal,aTal
Kashmiri-English,page_14,33,135,ps,exact,1175,1176,English-Latin,English-Latin:1,1175:1176,a,a
Kashmiri-English,page_14,33,136,va,exact,1178,1183,Kashmiri-Arabic,Kashmiri-Arabic:5,1178:1183,اَٹَل,اَٹَل
Kashmiri-English,page_14,33,137,ge,exact,1184,1201,English-Latin,English-Latin:15,1184:1201,final; inevitable,"final, inevitable"
Kashmiri-English,page_14,34,138,lx,exact,1202,1205,Kashmiri-Latin,Kashmiri-Latin:3,1202:1205,ath,aTh
Kashmiri-English,page_14,34,139,pd,exact,1206,1207,English-Latin,English-Latin:1,1206:1207,f,f
Kashmiri-English,page_14,34,140,va,exact,1210,1214,Kashmiri-Arabic,Kashmiri-Arabic:4,1210:1214,اَٹھ,اَٹھ
Kashmiri-English,page_14,34,141,ge,exact,1215,1259,English-Latin,English-Latin:37,1215:1259,an ear ornament worn by kashmiri hindu women,an ear ornament worn by Kashmiri Hindu women
Kashmiri-English,page_14,35,142,lx,exact,1260,1268,Kashmiri-Latin,Kashmiri-Latin:7,1260:1268,atho:vuh,aTho:vuh
Kashmiri-English,page_14,35,143,ps,exact,1269,1270,English-Latin,English-Latin:1,1269:1270,a,a
Kashmiri-English,page_14,35,144,va,exact,1272,1280,Kashmiri-Arabic,Kashmiri-Arabic:8,1272:1280,اَٹھووُہ,اَٹھووُہ
Kashmiri-English,page_14,35,145,ge,exact,1281,1293,English-Latin,English-Latin:11,1281:1293,twenty eight,twenty eight
Kashmiri-English,page_14,36,146,lx,exact,1294,1297,Kashmiri-Latin,Kashmiri-Latin:3,1294:1297,adi,aDI
Kashmiri-English,page_14,36,147,pd,exact,1298,1299,English-Latin,English-Latin:1,1298:1299,m,m
Kashmiri-English,page_14,36,148,va,exact,1302,1305,Kashmiri-Arabic,Kashmiri-Arabic:3,1302:1305,اڑٕ,اڑٕ
Kashmiri-English,page_14,36,149,ge,compact,1306,1330,English-Latin,English-Latin:19,1306:1330,centre; a (vehicle) stand,"centre, a (vehicle) stand"
Kashmiri-English,page_14,37,150,lx,exact,1331,1339,Kashmiri-Latin,Kashmiri-Latin:8,1331:1339,adikajar,aDIkajar
Kashmiri-English,page_14,37,151,ps,exact,1340,1341,English-Latin,English-Latin:1,1340:1341,n,n
Kashmiri-English,page_14,37,152,va,exact,1343,1352,Kashmiri-Arabic,Kashmiri-Arabic:8,1343:1352,اڑٕ کَجَر,اڑٕ کَجَر
Kashmiri-English,page_14,37,153,ge,exact,1353,1363,English-Latin,English-Latin:10,1353:1363,stuttering,stuttering
Kashmiri-English,page_14,38,154,lx,exact,1364,1375,Kashmiri-Latin,Kashmiri-Latin:10,1364:1375,adikaj kath,aDIkAj kath
Kashmiri-English,page_14,38,155,pd,exact,1405,1408,English-Latin,English-Latin:2,1405:1408,f.s,f.s
Kashmiri-English,page_14,38,156,va,exact,1376,1388,Kashmiri-Arabic,Kashmiri-Arabic:10,1376:1388,اڑٕ کٔج کَتھ,اڑٕ کٔج کَتھ
Kashmiri-English,page_14,38,157,ge,exact,1389,1404,English-Latin,English-Latin:14,1389:1404,stuttering talk,stuttering talk
Kashmiri-English,page_14,38,158,pl,exact,1411,1424,Kashmiri-Latin,Kashmiri-Latin:12,1411:1424,adikaji kathi,aDIkaji kathi
Kashmiri-English,page_14,39,159,lx,exact,1428,1434,Kashmiri-Latin,Kashmiri-Latin:6,1428:1434,adikol,aDIkol
Kashmiri-English,page_14,39,160,ps,exact,1459,1460,English-Latin,English-Latin:1,1459:1460,a,a
Kashmiri-English,page_14,39,161,pd,exact,1461,1464,English-Latin,English-Latin:2,1461:1464,m.s,m.s
Kashmiri-English,page_14,39,162,va,exact,1435,1441,Kashmiri-Arabic,Kashmiri-Arabic:6,1435:1441,اڑٕکۆل,اڑٕکۆل
Kashmiri-English,page_14,39,163,ge,exact,1442,1458,English-Latin,English-Latin:14,1442:1458,one who stutters,one who stutters
Kashmiri-English,page_14,39,164,pl,exact,1467,1474,Kashmiri-Latin,Kashmiri-Latin:6,1467:1474,adikal',aDIkAl'
Kashmiri-English,page_14,39,165,se,exact,1478,1484,Kashmiri-Latin,Kashmiri-Latin:6,1478:1484,adikaj,aDIkAj
Kashmiri-English,page_14,39,166,pd,exact,1485,1488,English-Latin,English-Latin:2,1485:1488,f.s,f.s
Kashmiri-English,page_14,39,167,pl,exact,1491,1498,Kashmiri-Latin,Kashmiri-Latin:7,1491:1498,adikaji,aDIkaji
Kashmiri-English,page_14,40,168,lx,exact,1502,1506,Kashmiri-Latin,Kashmiri-Latin:4,1502:1506,adun,aDun
Kashmiri-English,page_14,40,169,ps,exact,1507,1508,English-Latin,English-Latin:1,1507:1508,v,v
Kashmiri-English,page_14,40,170,va,exact,1510,1515,Kashmiri-Arabic,Kashmiri-Arabic:5,1510:1515,اَڑُن,اَڑُن
Kashmiri-English,page_14,40,171,ge,exact,1516,1529,English-Latin,English-Latin:11,1516:1529,to be adament,to be adament
Na-English-Chinese-French,page_19,0,0,lx,exact,11,14,Na,Na:3,11:14,ɑ˩˧,ɑ˩˧
Na-English-Chinese-French,page_19,0,1,ph,exact,16,19,Na-IPA,Na-IPA:3,16:19,ɑ˩˥,ɑ˩˥
Na-English-Chinese-French,page_19,0,2,lc,exact,21,23,Na-Latin,Na-Latin:2,21:23,oq,oq
Na-English-Chinese-French,page_19,0,3,ps,exact,24,28,English-Latin,English-Latin:4,24:28,noun,NOUN
Na-English-Chinese-French,page_19,0,4,np,exact,29,37,English-Latin,English-Latin:6,29:37,tone: lm,Tone: LM
Na-English-Chinese-French,page_19,0,5,ge,exact,38,43,English-Latin,English-Latin:5,38:43,goose,Goose
Na-English-Chinese-French,page_19,0,6,gn,exact,45,46,Chinese-Han,Chinese-Han:1,45:46,鹅,鹅
Na-English-Chinese-French,page_19,0,7,gr,exact,47,50,French-Latin,French-Latin:3,47:50,oie,Oie
Na-English-Chinese-French,page_19,0,8,xv,exact,53,92,English-Latin,English-Latin:23;Na-IPA:9,53:92,(phonological elicitation)ɑ˩ dzɯ˥-ze˩ …,(Phonological elicitation)ɑ˩ dzɯ˥-ze˩ …
Na-English-Chinese-French,page_19,0,9,xe,compact,93,115,English-Latin,English-Latin:17,93:115,has eaten (a/the) goose,has eaten (a/the) goose
Na-English-Chinese-French,page_19,0,10,xn,exact,116,119,Chinese-Han,Chinese-Han:3,116:119,吃了鹅,吃了鹅
Na-English-Chinese-French,page_19,0,11,xr,compact,121,139,French-Latin,French-Latin:12,121:139,…a mangé (une) oie,…a mangé (une) oie
Na-English-Chinese-French,page_19,0,12,xv,exact,141,180,English-Latin,English-Latin:23;Na-IPA:9,141:180,(phonological elicitation)ɑ˩ hwæ˧-ze˧ …,(Phonological elicitation)ɑ˩ hwæ˧-ze˧ …
Na-English-Chinese-French,page_19,0,13,xe,compact,181,204,English-Latin,English-Latin:18,181:204,has bought (a/the) goose,has bought (a/the) goose
Na-English-Chinese-French,page_19,0,14,xn,exact,205,208,Chinese-Han,Chinese-Han:3,205:208,买了鹅,买了鹅
Na-English-Chinese-French,page_19,0,15,xr,compact,210,227,French-Latin,French-Latin:13,210:227,…a acheté (une) oie,…a acheté (une) oie
Na-English-Chinese-French,page_19,0,16,nt,exact,230,259,English-Latin,English-Latin:22;Na-IPA:3,230:259,commonly used classifier: mi˩,Commonly used classifier: mi˩
Na-English-Chinese-French,page_19,1,17,lx,exact,260,266,Na,Na:5,260:266,ɑ˩mi#˥,ɑ˩mi#˥
Na-English-Chinese-French,page_19,1,18,ph,exact,268,273,Na-IPA,Na-IPA:5,268:273,ɑ˩mi˥,ɑ˩mi˥
Na-English-Chinese-French,page_19,1,19,lc,exact,275,278,Na-Latin,Na-Latin:3,275:278,omi,omi
Na-English-Chinese-French,page_19,1,20,ps,exact,279,283,English-Latin,English-Latin:4,279:283,noun,NOUN
Na-English-Chinese-French,page_19,1,21,np,exact,284,295,English-Latin,English-Latin:8,284:295,tone: lm+#h,Tone: LM+#H
Na-English-Chinese-French,page_19,1,22,ge,exact,296,308,English-Latin,English-Latin:11,296:308,female goose,Female goose
Na-English-Chinese-French,page_19,1,23,gn,exact,364,366,Chinese-Han,Chinese-Han:2,364:366,母鹅,母鹅
Na-English-Chinese-French,page_19,1,24,gr,compact,314,325,French-Latin,French-Latin:10,314:325,oie (femelle),Oie (femelle)
Na-English-Chinese-French,page_19,1,25,xv,exact,330,343,Na-IPA,Na-IPA:12,330:343,ɑ˩mi˧-ɑ˥pʰv̩˩,ɑ˩mi˧-ɑ˥pʰv̩˩
Na-English-Chinese-French,page_19,1,26,xe,exact,344,360,English-Latin,English-Latin:14,344:360,goose and gander,goose and gander
Na-English-Chinese-French,page_19,1,27,xn,exact,361,366,Chinese-Han,Chinese-Han:5,361:366,公鹅与母鹅,公鹅与母鹅
Na-English-Chinese-French,page_19,1,28,xr,exact,367,378,French-Latin,French-Latin:9,367:378,oie et jars,oie et jars
Na-English-Chinese-French,page_19,1,29,nt,exact,230,259,English-Latin,English-Latin:22;Na-IPA:3,230:259,commonly used classifier: mi˩,Commonly used classifier: mi˩
Na-English-Chinese-French,page_19,2,30,lx,exact,413,419,Na,Na:6,413:419,ɑ˩pʰo˩,ɑ˩pʰo˩
Na-English-Chinese-French,page_19,2,31,ph,exact,421,428,Na-IPA,Na-IPA:7,421:428,ɑ˩pʰo˩˥,ɑ˩pʰo˩˥
Na-English-Chinese-French,page_19,2,32,lc,exact,430,433,Na-Latin,Na-Latin:3,430:433,apo,apo
Na-English-Chinese-French,page_19,2,33,ps,exact,434,440,English-Latin,English-Latin:6,434:440,adverb,ADVERB
Na-English-Chinese-French,page_19,2,34,np,exact,441,448,English-Latin,English-Latin:5,441:448,tone: l,Tone: L
Na-English-Chinese-French,page_19,2,35,ge,exact,449,456,English-Latin,English-Latin:7,449:456,outside,Outside
Na-English-Chinese-French,page_19,2,36,gn,exact,458,460,Chinese-Han,Chinese-Han:2,458:460,外面,外面
Na-English-Chinese-French,page_19,2,37,gr,token,566,1492,French-Latin,French-Latin:17,566:572;1206:1207;1221:1222;1483:1492,dehors; à l’extérieur,"Dehors, à l’extérieur"
Na-English-Chinese-French,page_19,2,38,xv,exact,487,498,Na,Na:10,487:498,ɑ˩pʰo˩ bi˩˥,ɑ˩pʰo˩ bi˩˥
Na-English-Chinese-French,page_19,2,39,xe,compact,499,547,English-Latin,English-Latin:36,499:547,to go outside; to attend to the call of nature,to go outside; to attend to the call of nature
Na-English-Chinese-French,page_19,2,40,xn,compact,548,558,Chinese-Han,Chinese-Han:7,548:558,出去，解手（委婉语）,出去，解手（委婉语）
Na-English-Chinese-French,page_19,2,41,xr,compact,560,597,French-Latin,French-Latin:31,560:597,aller dehors ; aller faire ses besoins,aller dehors ; aller faire ses besoins
Na-English-Chinese-French,page_19,2,42,xv,exact,600,615,Na,Na:12,600:615,ɑ˩pʰo˩ bi˩-ze˥!,ɑ˩pʰo˩ bi˩-ze˥!
Na-English-Chinese-French,page_19,2,43,xe,compact,616,666,English-Latin,English-Latin:35,616:666,let’s go out! / i must answer the call of nature!,Let’s go out! / I must answer the call of nature!
Na-English-Chinese-French,page_19,2,44,xn,exact,668,680,Chinese-Han,Chinese-Han:7,668:680,出去了！ / 出去解手！,出去了！ / 出去解手！
Na-English-Chinese-French,page_19,2,45,xr,compact,681,718,French-Latin,French-Latin:27,681:718,on sort ! / [je] vais faire mes besoins !,On sort ! / [Je] vais faire mes besoins !
Na-English-Chinese-French,page_19,2,46,xv,compact,722,742,Na,Na:17,722:742,ɑ˩pʰo˩ bi˩-ʂv̩˥ɖv̩˩!,ɑ˩pʰo˩ bi˩-ʂv̩˥ɖv̩˩!
Na-English-Chinese-French,page_19,2,47,xe,compact,744,859,English-Latin,English-Latin:87,744:859,[she] wants to go out! (context: on a sunny day; a family member senses that a toddler wants to go and play outside.),"[She] wants to go out! (Context: on a sunny day, a family member senses that a toddler wants to go and play outside.)"
Na-English-Chinese-French,page_19,2,48,xn,compact,863,888,Chinese-Han,Chinese-Han:19,863:888,（她）想出去！（情景：婴儿看外边，觉得她好像想出去。）,（她）想出去！（情景：婴儿看外边，觉得她好像想出去。）
Na-English-Chinese-French,page_19,2,49,xr,compact,891,1034,French-Latin,French-Latin:111,891:1034,[elle] a envie de sortir ! (contexte : par une journée ensoleillée; un membre de la famille sent qu’un enfant aurait envie d’aller jouer dehors.),"[Elle] a envie de sortir ! (Contexte : par une journée ensoleillée, un membre de la famille sent qu’un enfant aurait envie d’aller jouer dehors.)"
Na-English-Chinese-French,page_19,2,50,xv,exact,1039,1062,Na,Na:17,1039:1062,ə˧dɑ˥ | ə˩pʰo˩ hɯ˩-ze˥!,ə˧dɑ˥ | ə˩pʰo˩ hɯ˩-ze˥!
Na-English-Chinese-French,page_19,2,51,xe,compact,1063,1170,English-Latin,English-Latin:86,1063:1170,daddy went out! (context: explanation provided to a little child who has just woken up and looks for her dad.),Daddy went out! (Context: explanation provided to a little child who has just woken up and looks for her dad.)
Na-English-Chinese-French,page_19,2,52,xn,exact,1173,1179,Chinese-Han,Chinese-Han:5,1173:1179,爸爸出去了！,爸爸出去了！
Na-English-Chinese-French,page_19,2,53,xr,compact,1180,1283,French-Latin,French-Latin:81,1180:1283,papa est sorti ! (adressé à une petite fille qui vient de se réveiller de sa sieste et cherche son père.),Papa est sorti ! (Adressé à une petite fille qui vient de se réveiller de sa sieste et cherche son père.)
Na-English-Chinese-French,page_19,2,54,xv,exact,1288,1309,Na,Na:16,1288:1309,ə˩pʰo˩-bv̩˥ | lo˧ ʝi˧,ə˩pʰo˩-bv̩˥ | lo˧ ʝi˧
Na-English-Chinese-French,page_19,2,55,xe,compact,1310,1430,English-Latin,English-Latin:94,1310:1430,to work outside the household: to help other families (in particular for harvesting); to go and look for work in a city,to work outside the household: to help other families (in particular for harvesting); to go and look for work in a city
Na-English-Chinese-French,page_19,2,56,xn,compact,1431,1467,Chinese-Han,Chinese-Han:30,1431:1467,在外边工作：去帮别人家的忙（特别是收庄稼的时候），或者到城市里面打工,在外边工作：去帮别人家的忙（特别是收庄稼的时候），或者到城市里面打工
Na-English-Chinese-French,page_19,2,57,xr,compact,1468,1591,French-Latin,French-Latin:99,1468:1591,travailler à l’extérieur; aider d’autres familles (par exemple pour la récolte) ; aussi : aller chercher du travail à la ville,"travailler à l’extérieur, aider d’autres familles (par exemple pour la récolte) ; aussi : aller chercher du travail à la ville"
Na-English-Chinese-French,page_19,3,58,lx,exact,1592,1602,Na,Na:9,1592:1602,ɑ˩pʰo˩-hĩ˩,ɑ˩pʰo˩-hĩ˩
Na-English-Chinese-French,page_19,3,59,ph,exact,1604,1615,Na-IPA,Na-IPA:10,1604:1615,ɑ˩pʰo˩-hĩ˩˥,ɑ˩pʰo˩-hĩ˩˥
Na-English-Chinese-French,page_19,3,60,lc,compact,1617,1625,Na-Latin,Na-Latin:6,1617:1625,apo-hin,apo-hin
Na-English-Chinese-French,page_19,3,61,ps,exact,1626,1630,English-Latin,English-Latin:4,1626:1630,noun,NOUN
Na-English-Chinese-French,page_19,3,62,np,exact,1631,1638,English-Latin,English-Latin:5,1631:1638,tone: l,Tone: L
Na-English-Chinese-French,page_19,3,63,ge,exact,1639,1674,English-Latin,English-Latin:29,1639:1674,outsiders; strangers; other people.,Outsiders; strangers; other people.
Na-English-Chinese-French,page_19,3,64,gn,compact,1675,1696,Chinese-Han,Chinese-Han:17,1675:1696,外人，别人。当地人称从外地来的人为“外人”。,外人，别人。当地人称从外地来的人为“外人”。
Na-English-Chinese-French,page_19,3,65,gr,compact,1699,1754,French-Latin,French-Latin:45,1699:1754,quelqu’un d’autre ; une personne extérieure à la famille.,Quelqu’un d’autre ; une personne extérieure à la famille.
Na-English-Chinese-French,page_19,4,66,lx,exact,1756,1764,Na,Na:8,1756:1764,ɑ˩pʰv̩˧˥,ɑ˩pʰv̩˧˥
Na-English-Chinese-French,page_19,4,67,ph,exact,1766,1774,Na-IPA,Na-IPA:8,1766:1774,ɑ˩pʰv̩˧˥,ɑ˩pʰv̩˧˥
Na-English-Chinese-French,page_19,4,68,lc,exact,1776,1779,Na-Latin,Na-Latin:3,1776:1779,apu,apu
Na-English-Chinese-French,page_19,4,69,ps,exact,1780,1784,English-Latin,English-Latin:4,1780:1784,verb,VERB
Na-English-Chinese-French,page_19,4,70,np,exact,1785,1797,English-Latin,English-Latin:9,1785:1797,tone: lm+mh#,Tone: LM+MH#
Na-English-Chinese-French,page_19,4,71,ge,exact,1798,1816,English-Latin,English-Latin:13,1798:1816,to belch; to burp.,"To belch, to burp."
Na-English-Chinese-French,page_19,4,72,gn,exact,1817,1821,Chinese-Han,Chinese-Han:4,1817:1821,打饱嗝儿,打饱嗝儿
Na-English-Chinese-French,page_19,4,73,gr,exact,1822,1828,French-Latin,French-Latin:5,1822:1828,roter.,Roter.
Na-English-Chinese-French,page_19,5,74,lx,exact,1829,1837,Na,Na:7,1829:1837,ɑ˩pʰv̩#˥,ɑ˩pʰv̩#˥
Na-English-Chinese-French,page_19,5,75,ph,exact,1839,1846,Na-IPA,Na-IPA:7,1839:1846,ɑ˩pʰv̩˥,ɑ˩pʰv̩˥
Na-English-Chinese-French,page_19,5,76,lc,exact,1848,1851,Na-Latin,Na-Latin:3,1848:1851,opu,opu
Na-English-Chinese-French,page_19,5,77,ps,exact,1852,1856,English-Latin,English-Latin:4,1852:1856,noun,NOUN
Na-English-Chinese-French,page_19,5,78,np,exact,1857,1869,English-Latin,English-Latin:8,1857:1869,tone: lm +#h,Tone: LM +#H
Na-English-Chinese-French,page_19,5,79,ge,exact,1870,1889,English-Latin,English-Latin:15,1870:1889,gander; male goose.,Gander; male goose.
Na-English-Chinese-French,page_19,5,80,gn,exact,1890,1892,Chinese-Han,Chinese-Han:2,1890:1892,公鹅,公鹅
Na-English-Chinese-French,page_19,5,81,gr,compact,1893,1912,French-Latin,French-Latin:14,1893:1912,jars : mâle de l’oie.,Jars : mâle de l’oie.
Na-English-Chinese-French,page_19,5,82,nt,exact,230,259,English-Latin,English-Latin:22;Na-IPA:3,230:259,commonly used classifier: mi˩,Commonly used classifier: mi˩
Na-English-Chinese-French,page_19,6,83,lx,exact,1948,1953,Na,Na:5,1948:1953,ɑ˩ʁo˧,ɑ˩ʁo˧
Na-English-Chinese-French,page_19,6,84,ph,exact,1955,1960,Na-IPA,Na-IPA:5,1955:1960,ɑ˩ʁo˥,ɑ˩ʁo˥
Na-English-Chinese-French,page_19,6,85,lc,exact,1962,1965,Na-Latin,Na-Latin:3,1962:1965,awo,awo
Na-English-Chinese-French,page_19,6,86,ps,exact,1966,1970,English-Latin,English-Latin:4,1966:1970,noun,NOUN
Na-English-Chinese-French,page_19,6,87,np,exact,1971,1979,English-Latin,English-Latin:6,1971:1979,tone: lm,Tone: LM
Na-English-Chinese-French,page_19,6,88,ge,exact,1980,2012,English-Latin,English-Latin:25,1980:2012,home; central room in the house.,"Home, central room in the house."
Na-English-Chinese-French,page_19,6,89,gn,exact,2013,2017,Chinese-Han,Chinese-Han:3,2013:2017,家、家里,家、家里
Na-English-Chinese-French,page_19,6,90,gr,compact,2018,2058,French-Latin,French-Latin:32,2018:2058,le foyer; la pièce principale ; la maison.,"Le foyer, la pièce principale ; la maison."
Na-English-Chinese-French,page_19,6,91,xv,exact,2062,2072,Na,Na:8,2062:2072,ɑ˩ʁo˧-hĩ#˥,ɑ˩ʁo˧-hĩ#˥
Na-English-Chinese-French,page_19,6,92,xe,compact,2073,2151,English-Latin,English-Latin:61,2073:2151,members of the family; family members (who live under the same roof); lineage,"members of the family, family members (who live under the same roof), lineage"
Na-English-Chinese-French,page_19,6,93,xn,compact,2152,2163,Chinese-Han,Chinese-Han:9,2152:2163,家人（住在一起的家人）,家人（住在一起的家人）
Na-English-Chinese-French,page_19,6,94,xr,compact,2165,2257,French-Latin,French-Latin:72,2165:2257,la maisonnée; les gens de la famille (proche : ceux qui habitent sous le même toit); la lignée,"la maisonnée, les gens de la famille (proche : ceux qui habitent sous le même toit), la lignée"
Na-English-Chinese-French,page_19,6,95,xv,exact,2260,2269,Na,Na:9,2260:2269,ɑ˩ʁo˧=ɻæ˩,ɑ˩ʁo˧=ɻæ˩
Na-English-Chinese-French,page_19,6,96,xe,compact,2270,2340,English-Latin,English-Latin:57,2270:2340,the members of the family; the family group (living under the same roof),"the members of the family, the family group (living under the same roof)"
Na-English-Chinese-French,page_19,6,97,xn,compact,2342,2356,Chinese-Han,Chinese-Han:11,2342:2356,家人、家族（住在一起的家人）,家人、家族（住在一起的家人）
Na-English-Chinese-French,page_19,6,98,xr,exact,2165,2201,French-Latin,French-Latin:29,2165:2201,la maisonnée; les gens de la famille,"la maisonnée, les gens de la famille"
Na-English-Chinese-French,page_19,6,99,xv,exact,2399,2411,Na,Na:9,2399:2411,njɤ˧ | ɑ˩ʁo˧,njɤ˧ | ɑ˩ʁo˧
Na-English-Chinese-French,page_19,6,100,xe,exact,2412,2429,English-Latin,English-Latin:13,2412:2429,my home; my house,"my home, my house"
Na-English-Chinese-French,page_19,6,101,xn,exact,2430,2432,Chinese-Han,Chinese-Han:2,2430:2432,我家,我家
Na-English-Chinese-French,page_19,6,102,xr,exact,2433,2453,French-Latin,French-Latin:16,2433:2453,mon foyer; ma maison,"mon foyer, ma maison"
Na-English-Chinese-French,page_19,6,103,xv,exact,2456,2472,Na,Na:13,2456:2472,njɤ˧ | ɑ˩ʁo˧=ɻ̍˩,njɤ˧ | ɑ˩ʁo˧=ɻ̍˩
Na-English-Chinese-French,page_19,6,104,xe,exact,2473,2502,English-Latin,English-Latin:22,2473:2502,my family; my lineage; my kin,"my family, my lineage, my kin"
Na-English-Chinese-French,page_19,6,105,xn,exact,2503,2507,Chinese-Han,Chinese-Han:4,2503:2507,我的家族,我的家族
Na-English-Chinese-French,page_19,6,106,xr,exact,2508,2529,French-Latin,French-Latin:17,2508:2529,ma famille; ma lignée,"ma famille, ma lignée"
Na-English-Chinese-French,page_19,6,107,xv,exact,2532,2543,Na,Na:8,2532:2543,no˧ | ɑ˩ʁo˧,no˧ | ɑ˩ʁo˧
Na-English-Chinese-French,page_19,6,108,xe,exact,2544,2565,English-Latin,English-Latin:17,2544:2565,your home; your house,"your home, your house"
Na-English-Chinese-French,page_19,6,109,xn,exact,2566,2568,Chinese-Han,Chinese-Han:2,2566:2568,你家,你家
Na-English-Chinese-French,page_19,6,110,xr,exact,2569,2589,French-Latin,French-Latin:16,2569:2589,ton foyer; ta maison,"ton foyer, ta maison"
Na-English-Chinese-French,page_19,6,111,xv,exact,2592,2601,Na,Na:8,2592:2601,ɑ˩ʁo˧ ʝi˧,ɑ˩ʁo˧ ʝi˧
Na-English-Chinese-French,page_19,6,112,xe,compact,2602,2782,English-Latin,English-Latin:145,2602:2782,to take care of the household; to look after the affairs of the family (in particular: distributing work to the various members; and ensuring that the supplies are not running low),"to take care of the household, to look after the affairs of the family (in particular: distributing work to the various members, and ensuring that the supplies are not running low)"
Na-English-Chinese-French,page_19,6,113,xn,compact,2784,2807,Chinese-Han,Chinese-Han:18,2784:2807,在家里做事情、管家（如：分配工作、做家务事等）,在家里做事情、管家（如：分配工作、做家务事等）
Na-English-Chinese-French,page_19,6,114,xr,compact,2809,2943,French-Latin,French-Latin:110,2809:2943,gérer la maisonnée; s’occuper de la famille (tâche de la personne qui répartit les travaux à accomplir; veille aux approvisionnements…),"gérer la maisonnée, s’occuper de la famille (tâche de la personne qui répartit les travaux à accomplir, veille aux approvisionnements…)"
Na-English-Chinese-French,page_19,6,115,nt,exact,2948,2977,English-Latin,English-Latin:22;Na-IPA:3,2948:2977,commonly used classifier: ɭɯ˧,Commonly used classifier: ɭɯ˧
Nahuatl-French,page_74,0,0,gn,exact,38,158,French-Latin,French-Latin:95,38:158,des raisons; des arguments en faveur d'une chose; célébrer en les racontant; en les chantant; les exploits de quelqu'un.,"des raisons, des arguments en faveur d'une chose; célébrer en les racontant, en les chantant, les exploits de quelqu'un."
Nahuatl-French,page_74,0,1,mr,exact,163,172,Nahuatl-Latin,Nahuatl-Latin:7,163:172,cen; teca,"cen, teca"
Nahuatl-French,page_74,1,2,lx,exact,174,186,Nahuatl-Latin,Nahuatl-Latin:12,174:186,centecochtli,CENTECOCHTLI
Nahuatl-French,page_74,1,3,va,exact,190,202,Nahuatl-Latin,Nahuatl-Latin:12,190:202,centecuchtli,CENTECUCHTLI
Nahuatl-French,page_74,1,4,ps,exact,204,206,French-Latin,French-Latin:1,204:206,s.,s.
Nahuatl-French,page_74,1,5,gn,exact,207,245,French-Latin,French-Latin:28,207:245,une tige de plante; laitue; chou; etc.,"Une tige de plante; laitue, chou, etc."
Nahuatl-French,page_74,1,6,mr,exact,250,263,Nahuatl-Latin,Nahuatl-Latin:11,250:263,ce; tecochtli,"ce, tecochtli"
Nahuatl-French,page_74,2,7,lx,exact,265,276,Nahuatl-Latin,Nahuatl-Latin:11,265:276,centeconetl,CENTECONETL
Nahuatl-French,page_74,2,8,ps,exact,278,280,French-Latin,French-Latin:1,278:280,s.,s.
Nahuatl-French,page_74,2,9,gn,exact,281,307,French-Latin,French-Latin:20,281:307,un fils; une fille unique.,"Un fils, une fille unique."
Nahuatl-French,page_74,2,10,mr,exact,312,327,Nahuatl-Latin,Nahuatl-Latin:13,312:327,centetl; conetl,"centetl, conetl"
Nahuatl-French,page_74,3,11,lx,exact,329,341,Nahuatl-Latin,Nahuatl-Latin:12,329:341,centecpantli,CENTECPANTLI
Nahuatl-French,page_74,3,12,ps,exact,343,350,French-Latin,French-Latin:4,343:350,adj. n.,adj. n.
Nahuatl-French,page_74,3,13,gn,compact,351,400,French-Latin,French-Latin:42,351:400,vingt (maisons; pierres et toutes choses inanimées);,"Vingt (maisons, pierres et toutes choses inanimées);"
Nahuatl-French,page_74,3,14,lt,exact,409,431,French-Latin,French-Latin:17,409:431,une rangée; un groupe.,"une rangée, un groupe."
Nahuatl-French,page_74,3,15,pl,exact,438,450,Nahuatl-Latin,Nahuatl-Latin:12,438:450,centecpantin,centecpantin
Nahuatl-French,page_74,3,16,un,exact,450,519,French-Latin,French-Latin:53,450:519,(pour les êtres animés); vingt personnes; vingt têtes de bétail; etc.,"(pour les êtres animés), vingt personnes, vingt têtes de bétail, etc."
Nahuatl-French,page_74,3,17,mr,exact,524,535,Nahuatl-Latin,Nahuatl-Latin:9,524:535,ce; tecpana,"ce, tecpana"
Nahuatl-French,page_74,4,18,lx,exact,537,549,Nahuatl-Latin,Nahuatl-Latin:12,537:549,centecpanuia,CENTECPANUIA
Nahuatl-French,page_74,4,19,pd,exact,554,566,Nahuatl-Latin,Nahuatl-Latin:12,554:566,ocentecpanui,ocentecpanui
Nahuatl-French,page_74,4,20,if,exact,568,572,Nahuatl-Latin,Nahuatl-Latin:4,568:572,nite,nite
Nahuatl-French,page_74,4,21,gn,exact,575,641,French-Latin,French-Latin:55,575:641,avoir de fréquentes relations avec une femme; la posséder souvent.,"avoir de fréquentes relations avec une femme, la posséder souvent."
Nahuatl-French,page_74,4,22,mr,exact,646,661,Nahuatl-Latin,Nahuatl-Latin:13,646:661,centeca; panuia,"centeca, panuia"
Nahuatl-French,page_74,5,23,lx,exact,663,678,Nahuatl-Latin,Nahuatl-Latin:15,663:678,centectlapixque,CENTECTLAPIXQUE
Nahuatl-French,page_74,5,24,ps,exact,680,688,French-Latin,French-Latin:5,680:688,s. plur.,s. plur.
Nahuatl-French,page_74,5,25,so,exact,688,695,French-Latin,French-Latin:4,688:695,(clav.),(Clav.)
Nahuatl-French,page_74,5,26,gn,compact,697,765,French-Latin,French-Latin:56,697:765,commissaires chargés de surveiller et de prévenir les magis-trats.,Commissaires chargés de surveiller et de prévenir les magis-trats.
Nahuatl-French,page_74,5,27,mr,exact,771,789,Nahuatl-Latin,Nahuatl-Latin:16,771:789,centeca; tlapixqui,"centeca, tlapixqui"
Nahuatl-French,page_74,6,28,lx,exact,791,803,Nahuatl-Latin,Nahuatl-Latin:12,791:803,centecuchtli,CENTECUCHTLI
Nahuatl-French,page_74,6,29,cf,exact,810,822,Nahuatl-Latin,Nahuatl-Latin:12,810:822,centecochtli,Centecochtli
Nahuatl-French,page_74,7,30,lx,exact,824,834,Nahuatl-Latin,Nahuatl-Latin:10,824:834,centecutli,CENTECUTLI
Nahuatl-French,page_74,7,31,ps,exact,836,838,French-Latin,French-Latin:1,836:838,s.,s.
Nahuatl-French,page_74,7,32,gn,exact,839,874,French-Latin,French-Latin:28,839:874,un escadron; un peloton de soldats.,"Un escadron, un peloton de soldats."
Nahuatl-French,page_74,7,33,mr,exact,879,890,Nahuatl-Latin,Nahuatl-Latin:9,879:890,ce; tecutli,"ce, tecutli"
Nahuatl-French,page_74,8,34,lx,exact,892,903,Nahuatl-Latin,Nahuatl-Latin:11,892:903,centelchiua,CENTELCHIUA
Nahuatl-French,page_74,8,35,pd,exact,908,919,Nahuatl-Latin,Nahuatl-Latin:11,908:919,ocentelchiu,ocentelchiu
Nahuatl-French,page_74,8,36,sn,structural,,,meta,,,1,1
Nahuatl-French,page_74,8,37,if,exact,922,926,Nahuatl-Latin,Nahuatl-Latin:4,922:926,nite,nite
Nahuatl-French,page_74,8,38,gn,compact,929,983,French-Latin,French-Latin:43,929:983,mépriser; dédaigner; repousser tout à fait quelqu'un.,"mépriser, dédaigner, repousser tout à fait quelqu'un."
Nahuatl-French,page_74,8,39,sn,structural,,,meta,,,2,2
Nahuatl-French,page_74,8,40,if,exact,985,990,Nahuatl-Latin,Nahuatl-Latin:5,985:990,nitla,nitla
Nahuatl-French,page_74,8,41,gn,exact,993,1019,French-Latin,French-Latin:21,993:1019,rejeter une chose; renier.,"rejeter une chose, renier."
Nahuatl-French,page_74,8,42,mr,exact,1024,1038,Nahuatl-Latin,Nahuatl-Latin:11,1024:1038,cen; telchiua.,"cen, telchiua."
Nahuatl-French,page_74,9,43,lx,exact,1039,1054,Nahuatl-Latin,Nahuatl-Latin:15,1039:1054,centelchiualoni,CENTELCHIUALONI
Nahuatl-French,page_74,9,44,ps,exact,1056,1063,French-Latin,French-Latin:4,1056:1063,adj. v.,adj. v.
Nahuatl-French,page_74,9,45,gn,exact,1064,1075,French-Latin,French-Latin:10,1064:1075,méprisable;,Méprisable;
Nahuatl-French,page_74,9,46,xv,compact,1076,1111,Nahuatl-Latin,Nahuatl-Latin:30,1076:1111,in tlatlacolli ca centelchiualoni,in tlatlacolli ca centelchiualoni
Nahuatl-French,page_74,9,47,so,exact,1111,1117,French-Latin,French-Latin:3,1111:1117,(par.),(Par.)
Nahuatl-French,page_74,9,48,xn,compact,1119,1162,French-Latin,French-Latin:34,1119:1162,le péché est exécrable; doit être détesté.,"le péché est exécrable, doit être détesté."
Nahuatl-French,page_74,9,49,mr,exact,1167,1178,Nahuatl-Latin,Nahuatl-Latin:11,1167:1178,centelchiua,centelchiua
Nahuatl-French,page_74,10,50,lx,exact,1180,1187,Nahuatl-Latin,Nahuatl-Latin:7,1180:1187,centema,CENTEMA
Nahuatl-French,page_74,10,51,pd,exact,1192,1199,Nahuatl-Latin,Nahuatl-Latin:7,1192:1199,ocenten,ocenten
Nahuatl-French,page_74,10,52,if,exact,1201,1206,Nahuatl-Latin,Nahuatl-Latin:5,1201:1206,nitla,nitla
Nahuatl-French,page_74,10,53,gn,compact,1209,1254,French-Latin,French-Latin:37,1209:1254,amasser; rassembler des choses quelque part.,"amasser, rassembler des choses quelque part."
Nahuatl-French,page_74,10,54,mr,exact,1260,1270,Nahuatl-Latin,Nahuatl-Latin:7,1260:1270,cen; tema.,"cen, tema."
Nahuatl-French,page_74,11,55,lx,exact,1271,1281,Nahuatl-Latin,Nahuatl-Latin:10,1271:1281,centemilli,CENTEMILLI
Nahuatl-French,page_74,11,56,ps,exact,1283,1285,French-Latin,French-Latin:1,1283:1285,s.,s.
Nahuatl-French,page_74,11,57,gn,exact,1286,1299,French-Latin,French-Latin:11,1286:1299,une semaille.,Une semaille.
Nahuatl-French,page_74,11,58,mr,exact,1304,1319,Nahuatl-Latin,Nahuatl-Latin:12,1304:1319,centetl; milli.,"centetl, milli."
Nahuatl-French,page_74,12,59,lx,exact,1320,1331,Nahuatl-Latin,Nahuatl-Latin:11,1320:1331,centenamitl,CENTENAMITL
Nahuatl-French,page_74,12,60,ps,exact,1333,1335,French-Latin,French-Latin:1,1333:1335,s.,s.
Nahuatl-French,page_74,12,61,gn,exact,1336,1359,French-Latin,French-Latin:19,1336:1359,un escadron de soldats.,Un escadron de soldats.
Nahuatl-French,page_74,12,62,mr,exact,1364,1377,Nahuatl-Latin,Nahuatl-Latin:10,1364:1377,ce; tenamitl.,"ce, tenamitl."
Nahuatl-French,page_74,13,63,lx,exact,1378,1391,Nahuatl-Latin,Nahuatl-Latin:13,1378:1391,centeneualoca,CENTENEUALOCA
Nahuatl-French,page_74,13,64,ps,exact,1393,1398,French-Latin,French-Latin:2,1393:1398,s. v.,s. v.
Nahuatl-French,page_74,13,65,gn,compact,1399,1459,French-Latin,French-Latin:34;Nahuatl-Latin:14,1399:1459,employé en comp. icen-teneualoca; son projet; sa résolution.,"employé en comp. icen-teneualoca, son projet, sa résolution."
Nahuatl-French,page_74,13,66,mr,exact,1465,1477,Nahuatl-Latin,Nahuatl-Latin:9,1465:1477,cen; teneua.,"cen, teneua."
Nahuatl-French,page_74,14,67,lx,exact,1478,1487,Nahuatl-Latin,Nahuatl-Latin:9,1478:1487,cententli,CENTENTLI
Nahuatl-French,page_74,14,68,ps,exact,1489,1491,French-Latin,French-Latin:1,1489:1491,s.,s.
Nahuatl-French,page_74,14,69,gn,exact,1492,1503,French-Latin,French-Latin:9,1492:1503,une parole;,Une parole;
Nahuatl-French,page_74,14,70,xv,partial,1504,1580,Nahuatl-Latin,Nahuatl-Latin:58,1504:1507;1508:1513;1514:1516;1525:1529;1531:1533;1534:1546;1547:1557;1558:1568;1569:1571;1572:1580,nic-cuepa in mihyo-tzin; in motlatoltzin ycententli ycencamatl in popoloni,"nic-cuepa in mihyo-tzin, in motlatoltzin ycententli ycencamatl in popoloni"
Nahuatl-French,page_74,14,71,so,exact,1580,1586,French-Latin,French-Latin:3,1580:1586,(olm.),(Olm.)
Nahuatl-French,page_74,14,72,xn,exact,1588,1637,French-Latin,French-Latin:39,1588:1637,je réponds à ton discours par une parole de muet.,je réponds à ton discours par une parole de muet.
Nahuatl-French,page_74,14,73,mr,exact,1642,1653,Nahuatl-Latin,Nahuatl-Latin:8,1642:1653,ce; tentli.,"ce, tentli."
Nahuatl-French,page_74,15,74,lx,exact,1654,1662,Nahuatl-Latin,Nahuatl-Latin:8,1654:1662,centeotl,CENTEOTL
Nahuatl-French,page_74,15,75,ps,exact,1664,1666,French-Latin,French-Latin:1,1664:1666,s.,s.
Nahuatl-French,page_74,15,76,so,exact,1666,1673,French-Latin,French-Latin:4,1666:1673,(clav.),(Clav.)
Nahuatl-French,page_74,15,77,gn,compact,1675,2251,French-Latin,French-Latin:366;Nahuatl-Latin:105,1675:2251,déesse de la terre et du maïs; adorée principalement chez les totonaques. suivant le degré de maturité du maïs; elle était encore appelée tsinteotl; xilonen; iztacacenteotl et tlatlauhqui centeotl; ou bien tonacayohua; qui nous nourrit; etc. les mexicains lui avaient consacré cinq temples et célébraient trois fêtes en son honneur : la première; au commencement du mois huetozoztli; la deuxième; au commencement du mois hueitecuilhuitl; la troisième; à la fin du mois ochpaniztli. c'était aussi la déesse des lapidaires; qui célébraient sa fête vers le milieu du mois teotleco.,"Déesse de la terre et du maïs, adorée principalement chez les Totonaques. Suivant le degré de maturité du maïs, elle était encore appelée Tsinteotl, Xilonen, Iztacacenteotl et Tlatlauhqui Centeotl, ou bien Tonacayohua, qui nous nourrit; etc. Les Mexicains lui avaient consacré cinq temples et célébraient trois fêtes en son honneur : la première, au commencement du mois huetozoztli; la deuxième, au commencement du mois hueitecuilhuitl; la troisième, à la fin du mois ochpaniztli. C'était aussi la déesse des lapidaires, qui célébraient sa fête vers le milieu du mois teotleco."
Nahuatl-French,page_74,15,78,mr,exact,2257,2271,Nahuatl-Latin,Nahuatl-Latin:11,2257:2271,centli; teotl.,"centli, teotl."
Nahuatl-French,page_74,16,79,lx,exact,2272,2283,Nahuatl-Latin,Nahuatl-Latin:11,2272:2283,centequilia,CENTEQUILIA
Nahuatl-French,page_74,16,80,pd,exact,2288,2299,Nahuatl-Latin,Nahuatl-Latin:11,2288:2299,ocentequili,ocentequili
Nahuatl-French,page_74,16,81,if,exact,2301,2306,Nahuatl-Latin,Nahuatl-Latin:5,2301:2306,ticto,ticto
Nahuatl-French,page_74,16,82,gn,exact,2309,2363,French-Latin,French-Latin:42,2309:2363,être tous du même avis; avoir la même manière de voir.,"être tous du même avis, avoir la même manière de voir."
Nahuatl-French,page_74,16,83,mr,exact,2368,2382,Nahuatl-Latin,Nahuatl-Latin:11,2368:2382,cen; tequilia.,"cen, tequilia."
Nahuatl-French,page_74,17,84,lx,exact,2383,2391,Nahuatl-Latin,Nahuatl-Latin:8,2383:2391,centetia,CENTETIA
Nahuatl-French,page_74,17,85,pd,token,2396,2428,Nahuatl-Latin,Nahuatl-Latin:26,2396:2406;2408:2417;2421:2428,ocentetiac; ocentetix; ocentet;,"ocentetiac, ocentetix, ocentet,"
Nahuatl-French,page_74,17,86,ps,exact,2430,2435,French-Latin,French-Latin:2,2430:2435,v. n.,v. n.
Nahuatl-French,page_74,17,87,gn,exact,2436,2474,French-Latin,French-Latin:28,2436:2474,être unis; s'entendre; ne faire qu'un;,"Être unis, s'entendre, ne faire qu'un;"
Nahuatl-French,page_74,17,88,xv,exact,2475,2495,Nahuatl-Latin,Nahuatl-Latin:17,2475:2495,centetia in toyollo;,"centetia in toyollo,"
Nahuatl-French,page_74,17,89,xn,exact,2496,2534,French-Latin,French-Latin:30,2496:2534,nous nous aimons; nos cœurs sont unis;,"nous nous aimons, nos cœurs sont unis;"
Nahuatl-French,page_74,17,90,xv,compact,2535,2557,Nahuatl-Latin,Nahuatl-Latin:18,2535:2557,cen-tetia in intlatol;,"cen-tetia in intlatol,"
Nahuatl-French,page_74,17,91,xn,exact,2559,2581,French-Latin,French-Latin:17,2559:2581,ils sont du même avis;,ils sont du même avis;
Nahuatl-French,page_74,17,92,xv,exact,2582,2607,Nahuatl-Latin,Nahuatl-Latin:21,2582:2607,amo centetia in totlatol;,"amo centetia in totlatol,"
Nahuatl-French,page_74,17,93,xn,exact,2608,2680,French-Latin,French-Latin:57,2608:2680,nous ne nous entendons point; notre manière de penser n'est pas la même;,"nous ne nous entendons point, notre manière de penser n'est pas la même;"
Nahuatl-French,page_74,17,94,xv,exact,2681,2703,Nahuatl-Latin,Nahuatl-Latin:19,2681:2703,çan acentetia itlatol;,"çan acentetia itlatol,"
Nahuatl-French,page_74,17,95,xn,exact,2704,2724,French-Latin,French-Latin:17,2704:2724,il parle faussement;,il parle faussement;
Nahuatl-French,page_74,17,96,xv,exact,2725,2748,Nahuatl-Latin,Nahuatl-Latin:20,2725:2748,çan acentetia tetlatol;,"çan acentetia tetlatol,"
Nahuatl-French,page_74,17,97,xn,exact,2749,2799,French-Latin,French-Latin:39,2749:2799,c'est de la fourberie; de la duplicité de langage;,"c'est de la fourberie, de la duplicité de langage;"
Nahuatl-French,page_74,17,98,lt,exact,2806,2853,French-Latin,French-Latin:34,2806:2853,la parole des gens n'est pas la même; une; etc.,"la parole des gens n'est pas la même, une, etc."
Nahuatl-French,page_74,17,99,mr,exact,2857,2865,Nahuatl-Latin,Nahuatl-Latin:7,2857:2865,centetl.,centetl.
Nahuatl-French,page_74,18,100,lx,exact,2866,2876,Nahuatl-Latin,Nahuatl-Latin:10,2866:2876,centetilia,CENTETILIA
Nahuatl-French,page_74,18,101,pd,exact,2881,2891,Nahuatl-Latin,Nahuatl-Latin:10,2881:2891,ocentetili,OCENTETILI
Nahuatl-French,page_74,18,102,sn,structural,,,meta,,,1,1
Nahuatl-French,page_74,18,103,if,exact,2893,2895,Nahuatl-Latin,Nahuatl-Latin:2,2893:2895,mo,mo
Nahuatl-French,page_74,18,104,gn,exact,2898,2985,French-Latin,French-Latin:66,2898:2985,se réunir; se former en un tout; faire un ensemble; se mettre en boule; en peloton; etc,"se réunir, se former en un tout, faire un ensemble, se mettre en boule, en peloton, etc"
Nahuatl-French,page_74,18,105,sn,structural,,,meta,,,2,2
Nahuatl-French,page_74,18,106,if,exact,2987,2992,Nahuatl-Latin,Nahuatl-Latin:5,2987:2992,nitla,Nitla
Nahuatl-French,page_74,18,107,gn,exact,2995,3045,French-Latin,French-Latin:41,2995:3045,joindre diverses choses et n'en faire qu'une seule,joindre diverses choses et n'en faire qu'une seule
Nahuatl-French,page_74,18,108,mr,exact,3050,3058,Nahuatl-Latin,Nahuatl-Latin:8,3050:3058,centetia,centetia
Nahuatl-French,page_74,19,109,lx,exact,3060,3071,Nahuatl-Latin,Nahuatl-Latin:11,3060:3071,centetitiuh,CENTETITIUH
Nahuatl-French,page_74,19,110,pd,exact,3076,3087,Nahuatl-Latin,Nahuatl-Latin:11,3076:3087,ocentetitia,ocentetitia
Nahuatl-French,page_74,19,111,ps,exact,3089,3094,French-Latin,French-Latin:2,3089:3094,v. n.,v. n.
Nahuatl-French,page_74,19,112,gn,exact,3095,3159,French-Latin,French-Latin:50,3095:3159,aller au ton; avec harmonie; avec ensemble; en parlant du chant.,"Aller au ton, avec harmonie, avec ensemble, en parlant du chant."
Nahuatl-French,page_74,19,113,et,exact,3160,3172,Nahuatl-Latin,French-Latin:1;Nahuatl-Latin:8,3160:3172,r. centetia.,R. centetia.
Nahuatl-French,page_74,20,114,lx,exact,3173,3180,Nahuatl-Latin,Nahuatl-Latin:7,3173:3180,centetl,CENTETL
Nahuatl-French,page_74,20,115,ps,exact,3182,3189,French-Latin,French-Latin:4,3182:3189,adj. n.,adj. n.
Nahuatl-French,page_74,20,116,gn,exact,3190,3272,French-Latin,French-Latin:61,3190:3272,pour compter des objets ronds; tels que pierre; fruit; œuf; colline; etc. un; une;,"pour compter des objets ronds, tels que pierre, fruit, œuf, colline, etc. Un, une;"
Nahuatl-French,page_74,20,117,xv,compact,3273,3292,Nahuatl-Latin,Nahuatl-Latin:16,3273:3292,centetl capullotl;,"centetl capullotl,"
Nahuatl-French,page_74,20,118,xn,compact,3294,3317,French-Latin,French-Latin:18,3294:3317,un grain (de raisin; etc.);,"un grain (de raisin, etc.);"
Nahuatl-French,page_74,20,119,xv,compact,3321,3342,Nahuatl-Latin,Nahuatl-Latin:18,3321:3342,centetl ichca-tomitl;,"centetl ichca-tomitl,"
Nahuatl-French,page_74,20,120,xn,exact,3344,3362,French-Latin,French-Latin:14,3344:3362,une toison; laine;,"une toison, laine;"
Nahuatl-French,page_74,20,121,xv,token,3363,3392,Nahuatl-Latin,Nahuatl-Latin:24,3363:3370;3371:3378;3382:3392,centetl yachcho; ixinachcho;,"centetl yachcho, ixinachcho,"
Nahuatl-French,page_74,20,122,xn,exact,3394,3414,French-Latin,French-Latin:16,3394:3414,un grain de semence;,un grain de semence;
Nahuatl-French,page_74,20,123,xv,exact,3415,3432,Nahuatl-Latin,Nahuatl-Latin:15,3415:3432,centetl quaquaue;,"centetl quaquaue,"
Nahuatl-French,page_74,20,124,xn,exact,3433,3457,French-Latin,French-Latin:19,3433:3457,une tête de gros bétail;,une tête de gros bétail;
Nahuatl-French,page_74,20,125,xv,partial,3458,3465,Nahuatl-Latin,Nahuatl-Latin:7,3458:3465,centetl quaquaultentzone;,"centetl quaquaultentzone,"
Nahuatl-French,page_74,20,126,xn,exact,3484,3508,French-Latin,French-Latin:19,3484:3508,une tête de menu bétail;,une tête de menu bétail;
Nahuatl-French,page_74,20,127,xv,exact,3509,3520,Nahuatl-Latin,Nahuatl-Latin:9,3509:3520,oc centetl;,"oc centetl,"
Nahuatl-French,page_74,20,128,xn,exact,3521,3537,French-Latin,French-Latin:12,3521:3537,autre; un autre.,"autre, un autre."
Nahuatl-French,page_74,20,129,mr,exact,3542,3551,Nahuatl-Latin,Nahuatl-Latin:6,3542:3551,ce; tetl.,"ce, tetl."
Nahuatl-French,page_74,21,130,lx,exact,3552,3562,Nahuatl-Latin,Nahuatl-Latin:10,3552:3562,centettica,CENTETTICA
Nahuatl-French,page_74,21,131,ps,exact,3564,3568,French-Latin,French-Latin:3,3564:3568,adj.,adj.
Nahuatl-French,page_74,21,132,gn,exact,3569,3597,French-Latin,French-Latin:21,3569:3597,entier; entière; qui est un.,"Entier, entière, qui est un."
Nahuatl-French,page_74,21,133,mr,exact,3602,3615,Nahuatl-Latin,Nahuatl-Latin:10,3602:3615,centetia; ca.,"centetia, ca."
Nahuatl-French,page_74,22,134,lx,exact,3616,3626,Nahuatl-Latin,Nahuatl-Latin:10,3616:3626,centettiuh,CENTETTIUH
Nahuatl-French,page_74,22,135,pd,exact,3076,3087,Nahuatl-Latin,Nahuatl-Latin:11,3076:3087,ocentetitia,ocentetitia
Nahuatl-French,page_74,22,136,ps,exact,3643,3648,French-Latin,French-Latin:2,3643:3648,v. n.,v. n.
Nahuatl-French,page_74,22,137,gn,exact,3649,3698,French-Latin,French-Latin:37,3649:3698,être d'accord; aller au ton; en parlant du chant.,"Être d'accord, aller au ton, en parlant du chant."
Nahuatl-French,page_74,22,138,mr,exact,3702,3711,Nahuatl-Latin,Nahuatl-Latin:8,3702:3711,centetia.,centetia.
Nahuatl-French,page_74,23,139,lx,exact,3712,3724,Nahuatl-Latin,Nahuatl-Latin:12,3712:3724,centettiuitz,CENTETTIUITZ
Nahuatl-French,page_74,23,140,pd,exact,3729,3743,Nahuatl-Latin,Nahuatl-Latin:14,3729:3743,ocentettiuitza,ocentettiuitza
Nahuatl-French,page_74,23,141,ps,exact,3745,3750,French-Latin,French-Latin:2,3745:3750,v. n.,v. n.
Nahuatl-French,page_74,23,142,gn,exact,3751,3782,French-Latin,French-Latin:25,3751:3782,aller ensemble; former un tout;,"Aller ensemble, former un tout;"
Nahuatl-French,page_74,23,143,xv,exact,3783,3803,Nahuatl-Latin,Nahuatl-Latin:18,3783:3803,acalli centettiuitz;,"acalli centettiuitz,"
Nahuatl-French,page_74,23,144,xn,exact,3804,3831,French-Latin,French-Latin:22,3804:3831,flotte; réunion de navires.,"flotte, réunion de navires."
Nahuatl-French,page_74,23,145,mr,exact,3836,3851,Nahuatl-Latin,Nahuatl-Latin:12,3836:3851,centetia; uitz.,"centetia, uitz."
Nahuatl-French,page_74,24,146,lx,exact,3852,3863,Nahuatl-Latin,Nahuatl-Latin:11,3852:3863,centexcalli,CENTEXCALLI
Nahuatl-French,page_74,24,147,ps,exact,3865,3867,French-Latin,French-Latin:1,3865:3867,s.,s.
Nahuatl-French,page_74,24,148,gn,exact,3868,3905,French-Latin,French-Latin:29,3868:3905,une fournée de pain ou d'autre chose.,Une fournée de pain ou d'autre chose.
Nahuatl-French,page_74,24,149,mr,exact,3910,3923,Nahuatl-Latin,Nahuatl-Latin:10,3910:3923,ce; texcalli.,"ce, texcalli."
Nahuatl-French,page_74,25,150,lx,exact,3924,3936,Nahuatl-Latin,Nahuatl-Latin:12,3924:3936,centiachcauh,CENTIACHCAUH
Nahuatl-French,page_74,25,151,ps,exact,3938,3942,French-Latin,French-Latin:3,3938:3942,adj.,adj.
Nahuatl-French,page_74,25,152,gn,exact,3943,3968,French-Latin,French-Latin:20,3943:3968,le plus grand; supérieur.,"Le plus grand, supérieur."
Nahuatl-French,page_74,25,153,mr,exact,3973,3988,Nahuatl-Latin,Nahuatl-Latin:12,3973:3988,cen; tiachcauh.,"cen, tiachcauh."
Nahuatl-French,page_74,26,154,lx,exact,3989,3999,Nahuatl-Latin,Nahuatl-Latin:10,3989:3999,centiuitze,CENTIUITZE
Nahuatl-French,page_74,26,155,ps,exact,4001,4008,French-Latin,French-Latin:4,4001:4008,adj. v.,adj. v.
Nahuatl-French,page_74,26,156,gn,exact,4009,4060,French-Latin,French-Latin:40,4009:4060,qui sont du même âge; en parlant de deux personnes.,"Qui sont du même âge, en parlant de deux personnes."
Nahuatl-French,page_74,26,157,mr,exact,4065,4075,Nahuatl-Latin,Nahuatl-Latin:7,4065:4075,cen; uitz.,"cen, uitz."
Nahuatl-French,page_74,27,158,lx,exact,4076,4082,Nahuatl-Latin,Nahuatl-Latin:6,4076:4082,centla,CENTLA
Nahuatl-French,page_74,27,159,so,exact,4082,4090,French-Latin,French-Latin:4,4082:4090,(clav.).,(Clav.).
Nahuatl-French,page_74,27,160,gn,compact,4091,4230,French-Latin,French-Latin:99;Nahuatl-Latin:10,4091:4230,village de tabasco; près du-quel les soldats de cortès remportèrent leur pre-mière victoire (25 mars 1519). — quartier de tla-telolco (bét.).,"Village de Tabasco, près du-quel les soldats de Cortès remportèrent leur pre-mière victoire (25 mars 1519). — Quartier de Tla-telolco (Bét.)."
Nahuatl-French,page_74,28,161,lx,exact,4234,4245,Nahuatl-Latin,Nahuatl-Latin:11,4234:4245,centlaantli,CENTLAANTLI
Nahuatl-French,page_74,28,162,ps,exact,4247,4249,French-Latin,French-Latin:1,4247:4249,s.,s.
Nahuatl-French,page_74,28,163,gn,compact,4250,4286,French-Latin,French-Latin:28,4250:4286,une grappe (de raisin; de dattes; etc.).,"Une grappe (de raisin, de dattes, etc.)."
Nahuatl-French,page_74,28,164,mr,exact,4294,4307,Nahuatl-Latin,Nahuatl-Latin:10,4294:4307,ce; tlaantli.,"ce, tlaantli."
Nahuatl-French,page_74,29,165,lx,exact,4308,4316,Nahuatl-Latin,Nahuatl-Latin:8,4308:4316,centlaca,CENTLACA
Nahuatl-French,page_74,29,166,ps,exact,4318,4326,French-Latin,French-Latin:5,4318:4326,s. plur.,s. plur.
Nahuatl-French,page_74,29,167,gn,compact,4327,4357,French-Latin,French-Latin:24,4327:4357,personnes d'une même fa-mille;,Personnes d'une même fa-mille;
Nahuatl-French,page_74,29,168,xv,exact,4359,4370,Nahuatl-Latin,Nahuatl-Latin:10,4359:4370,ticentlaca;,"ticentlaca,"
Nahuatl-French,page_74,29,169,xn,compact,4371,4427,French-Latin,French-Latin:43,4371:4427,nous sommes tous de la même fa-mille; de la même nation.,"nous sommes tous de la même fa-mille, de la même nation."
Nahuatl-French,page_74,29,170,mr,exact,4433,4446,Nahuatl-Latin,Nahuatl-Latin:10,4433:4446,cen; tlacatl.,"cen, tlacatl."
Nahuatl-French,page_74,30,171,lx,exact,4447,4455,Nahuatl-Latin,Nahuatl-Latin:8,4447:4455,centlaça,CENTLAÇA
Nahuatl-French,page_74,30,172,pd,exact,4460,4468,Nahuatl-Latin,Nahuatl-Latin:8,4460:4468,ocentlaz,ocentlaz
Nahuatl-French,page_74,30,173,if,exact,4470,4473,Nahuatl-Latin,Nahuatl-Latin:3,4470:4473,nic,nic
Nahuatl-French,page_74,30,174,gn,compact,4476,4523,French-Latin,French-Latin:38,4476:4523,rejeter; repous-ser quelqu'un ou quelque chose;,"rejeter, repous-ser quelqu'un ou quelque chose;"
Nahuatl-French,page_74,30,175,xv,exact,4525,4545,Nahuatl-Latin,Nahuatl-Latin:18,4525:4545,nic-centlaça noyollo,nic-centlaça noyollo
Tiri-English,page_15,0,0,lx,exact,2,7,Tiri-Latin,Tiri-Latin:5,2:7,bʷaði,bʷaði
Tiri-English,page_15,0,1,ge,exact,8,16,English-Latin,English-Latin:7,8:16,the gums,the gums
Tiri-English,page_15,0,2,se,exact,18,25,Tiri-Latin,Tiri-Latin:7,18:25,bʷaðirɔ,bʷaðirɔ
Tiri-English,page_15,0,3,ge,exact,26,33,English-Latin,English-Latin:6,26:33,my gums,my gums
Tiri-English,page_15,1,4,lx,exact,35,42,Tiri-Latin,Tiri-Latin:7,35:42,bʷaahɔ̃,bʷaahɔ̃
Tiri-English,page_15,1,5,ge,exact,43,53,English-Latin,English-Latin:8,43:53,to be mute,to be mute
Tiri-English,page_15,2,6,lx,exact,55,60,Tiri-Latin,Tiri-Latin:5,55:60,bʷãĩĩ,bʷãĩĩ
Tiri-English,page_15,2,7,ge,exact,61,73,English-Latin,English-Latin:11,61:73,balloon fish,balloon fish
Tiri-English,page_15,3,8,lx,exact,75,81,Tiri-Latin,Tiri-Latin:6,75:81,bʷairi,bʷairi
Tiri-English,page_15,3,9,ge,exact,82,93,English-Latin,English-Latin:10,82:93,black paint,black paint
Tiri-English,page_15,4,10,lx,exact,95,102,Tiri-Latin,Tiri-Latin:7,95:102,bʷamera,bʷamera
Tiri-English,page_15,4,11,ge,exact,103,126,English-Latin,English-Latin:14;Tiri-Latin:5,103:126,a bird related to baeho,a bird related to baeho
Tiri-English,page_15,4,12,gn,exact,128,139,French-Latin,French-Latin:10,128:139,buse chauve,buse chauve
Tiri-English,page_15,5,13,lx,exact,142,147,Tiri-Latin,Tiri-Latin:5,142:147,bʷaŋũ,bʷaŋũ
Tiri-English,page_15,5,14,ue,exact,147,150,meta,,147:150,[m],[M]
Tiri-English,page_15,5,15,ge,exact,151,157,English-Latin,English-Latin:6,151:157,anchor,anchor
Tiri-English,page_15,5,16,cf,exact,162,168,Tiri-Latin,English-Latin:1;Tiri-Latin:4,162:168,bɔwɔ 2,bɔwɔ 2
Tiri-English,page_15,6,17,lx,exact,171,175,Tiri-Latin,Tiri-Latin:4,171:175,bʷao,bʷao
Tiri-English,page_15,6,18,ge,exact,176,257,English-Latin,English-Latin:65,176:257,top of the bottom posts of the round house where the roof is attached to the wall,top of the bottom posts of the round house where the roof is attached to the wall
Tiri-English,page_15,7,19,lx,exact,259,264,Tiri-Latin,Tiri-Latin:5,259:264,bʷařa,bʷařa
Tiri-English,page_15,7,20,se,exact,269,277,Tiri-Latin,Tiri-Latin:8,269:277,nĩabʷařa,nĩabʷařa
Tiri-English,page_15,7,21,ge,exact,278,287,English-Latin,English-Latin:8,278:287,the groin,the groin
Tiri-English,page_15,8,22,lx,exact,289,296,Tiri-Latin,Tiri-Latin:7,289:296,bʷãřãwã,bʷãřãwã
Tiri-English,page_15,8,23,ge,exact,297,339,English-Latin,English-Latin:36,297:339,roofing of straw with roots placed outward,roofing of straw with roots placed outward
Tiri-English,page_15,9,24,lx,exact,341,347,Tiri-Latin,Tiri-Latin:6,341:347,bʷããřĩ,bʷããřĩ
Tiri-English,page_15,9,25,ge,exact,348,381,English-Latin,English-Latin:27,348:381,to go all the way round something,to go all the way round something
Tiri-English,page_15,10,26,lx,exact,383,388,Tiri-Latin,Tiri-Latin:5,383:388,bʷara,bʷara
Tiri-English,page_15,10,27,ge,exact,389,401,English-Latin,English-Latin:11,389:401,the forehead,the forehead
Tiri-English,page_15,10,28,cf,exact,405,414,Tiri-Latin,Tiri-Latin:5,405:414,[m] bʷašã,[M] bʷašã
Tiri-English,page_15,10,29,se,exact,417,425,Tiri-Latin,Tiri-Latin:8,417:425,bʷaraanĩ,bʷaraanĩ
Tiri-English,page_15,10,30,ge,exact,426,438,English-Latin,English-Latin:11,426:438,his forehead,his forehead
Tiri-English,page_15,11,31,lx,exact,440,447,Tiri-Latin,Tiri-Latin:7,440:447,bʷaraya,bʷaraya
Tiri-English,page_15,11,32,ge,compact,448,476,English-Latin,English-Latin:23,448:476,having a receding hairline,having a receding hairline
Tiri-English,page_15,11,33,cf,exact,481,490,Tiri-Latin,Tiri-Latin:7,481:490,bʷara; ya,"bʷara, ya"
Tiri-English,page_15,12,34,lx,exact,493,498,Tiri-Latin,Tiri-Latin:5,493:498,bʷaro,bʷaro
Tiri-English,page_15,12,35,ge,exact,499,517,English-Latin,English-Latin:15,499:517,crest of a rooster,crest of a rooster
Tiri-English,page_15,12,36,se,exact,519,528,Tiri-Latin,Tiri-Latin:8,519:528,bʷaro meɔ,bʷaro meɔ
Tiri-English,page_15,13,37,lx,exact,530,535,Tiri-Latin,Tiri-Latin:5,530:535,bʷašã,bʷašã
Tiri-English,page_15,13,38,ue,exact,535,538,meta,,535:538,[m],[M]
Tiri-English,page_15,13,39,ge,exact,539,551,English-Latin,English-Latin:11,539:551,the forehead,the forehead
Tiri-English,page_15,13,40,cf,exact,556,561,Tiri-Latin,Tiri-Latin:5,556:561,bʷara,bʷara
Tiri-English,page_15,14,41,lx,exact,564,571,Tiri-Latin,Tiri-Latin:7,564:571,bʷašaye,bʷašaye
Tiri-English,page_15,14,42,ge,exact,572,588,English-Latin,English-Latin:14,572:588,small taro field,small taro field
Tiri-English,page_15,15,43,lx,exact,590,596,Tiri-Latin,Tiri-Latin:6,590:596,bʷawĩĩ,bʷawĩĩ
Tiri-English,page_15,15,44,ge,exact,597,613,English-Latin,English-Latin:12,597:613,dull; of a point,"dull, of a point"
Tiri-English,page_15,16,45,lx,exact,615,623,Tiri-Latin,Tiri-Latin:8,615:623,bʷeṉɔ̃ɔ̃,bʷeṉɔ̃ɔ̃
Tiri-English,page_15,16,46,ge,exact,624,635,English-Latin,English-Latin:9,624:635,to be drunk,to be drunk
Tiri-English,page_15,17,47,lx,exact,637,641,Tiri-Latin,Tiri-Latin:4,637:641,bʷeu,bʷeu
Tiri-English,page_15,17,48,ge,compact,642,692,English-Latin,English-Latin:39,642:692,to be clean; cleared; more or less level (of ground),"to be clean, cleared, more or less level (of ground)"
Tiri-English,page_15,18,49,lx,exact,695,699,Tiri-Latin,Tiri-Latin:4,695:699,bʷɛ̃,bʷɛ̃
Tiri-English,page_15,18,50,ge,exact,700,714,English-Latin,English-Latin:12,700:714,many; numerous,"many, numerous"
Tiri-English,page_15,19,51,lx,exact,716,723,Tiri-Latin,Tiri-Latin:7,716:723,bʷɛ̃řɛ̃,bʷɛ̃řɛ̃
Tiri-English,page_15,19,52,ge,compact,724,755,English-Latin,English-Latin:26,724:755,a mark representing something,a mark representing something
Tiri-English,page_15,19,53,se,exact,757,769,Tiri-Latin,Tiri-Latin:11,757:769,bʷɛ̃řɛ̃ tivi,bʷɛ̃řɛ̃ tivi
Tiri-English,page_15,19,54,ge,exact,770,800,English-Latin,English-Latin:24,770:800,the high-water mark of a flood,the high-water mark of a flood
Tiri-English,page_15,19,55,nt,compact,802,847,English-Latin,English-Latin:28;Tiri-Latin:9,802:847,possibly in nibʷɛ̃řɛ̃ 'time for; of; something',"possibly in nibʷɛ̃řɛ̃ 'time for, of, something'"
Tiri-English,page_15,20,56,lx,exact,850,856,Tiri-Latin,Tiri-Latin:6,850:856,bʷɛ̃řĩ,bʷɛ̃řĩ
Tiri-English,page_15,20,57,se,exact,861,869,Tiri-Latin,Tiri-Latin:8,861:869,ṯɔbʷɛ̃řĩ,ṯɔbʷɛ̃řĩ
Tiri-English,page_15,20,58,ge,exact,870,888,English-Latin,English-Latin:16,870:888,to close something,to close something
Tiri-English,page_15,20,59,se,exact,890,900,Tiri-Latin,Tiri-Latin:10,890:900,ṯɔrɔbʷɛ̃řĩ,ṯɔrɔbʷɛ̃řĩ
Tiri-English,page_15,20,60,ge,exact,901,920,English-Latin,English-Latin:17,901:920,to cover completely,to cover completely
Tiri-English,page_15,20,61,se,exact,922,929,Tiri-Latin,Tiri-Latin:7,922:929,ubwɛ̃řĩ,ubwɛ̃řĩ
Tiri-English,page_15,20,62,ge,exact,930,948,English-Latin,English-Latin:16,930:948,to close something,to close something
Tiri-English,page_15,21,63,lx,exact,950,954,Tiri-Latin,Tiri-Latin:4,950:954,bʷii,bʷii
Tiri-English,page_15,21,64,hm,exact,955,956,English-Latin,English-Latin:1,955:956,1,1
Tiri-English,page_15,21,65,ge,exact,958,988,English-Latin,English-Latin:24,958:988,the last of something; the end,"the last of something, the end"
Tiri-English,page_15,22,66,lx,exact,990,994,Tiri-Latin,Tiri-Latin:4,990:994,bʷii,bʷii
Tiri-English,page_15,22,67,hm,exact,995,996,English-Latin,English-Latin:1,995:996,2,2
Tiri-English,page_15,22,68,ge,exact,998,1013,English-Latin,English-Latin:13,998:1013,variety of taro,variety of taro
Tiri-English,page_15,23,69,lx,exact,1015,1022,Tiri-Latin,Tiri-Latin:7,1015:1022,bʷĩřĩnĩ,bʷĩřĩnĩ
Tiri-English,page_15,23,70,ge,exact,1023,1051,English-Latin,English-Latin:22,1023:1051,a heap of yams or other food,a heap of yams or other food
Tiri-English,page_15,24,71,lx,exact,1053,1058,Tiri-Latin,Tiri-Latin:5,1053:1058,bʷiwi,bʷiwi
Tiri-English,page_15,24,72,ge,compact,1059,1085,English-Latin,English-Latin:16;Tiri-Latin:6,1059:1085,a cowry (larger than waðiði),a cowry (larger than waðiði)
Tiri-English,page_15,25,73,lx,exact,1090,1098,Tiri-Latin,Tiri-Latin:8,1090:1098,cituanɛ̃,cituanɛ̃
Tiri-English,page_15,25,74,ge,compact,1099,1171,English-Latin,English-Latin:59,1099:1171,the traditional right-hand man of the chief who served as his messenger,the traditional right-hand man of the chief who served as his messenger
Tiri-English,page_15,25,75,nt,exact,1173,1192,English-Latin,English-Latin:18,1173:1192,presumably borrowed,presumably borrowed
Tiri-English,page_15,26,76,lx,exact,1196,1201,Tiri-Latin,Tiri-Latin:5,1196:1201,çiibə,çiibə
Tiri-English,page_15,26,77,ge,exact,1202,1220,English-Latin,English-Latin:15,1202:1220,the non-native rat,the non-native rat
Tiri-English,page_15,26,78,ue,exact,1222,1241,English-Latin,English-Latin:18,1222:1241,presumably borrowed,presumably borrowed
Tiri-English,page_15,27,79,lx,exact,1245,1247,Tiri-Latin,Tiri-Latin:2,1245:1247,dã,dã
Tiri-English,page_15,27,80,ge,exact,1248,1258,English-Latin,English-Latin:8,1248:1258,day; light,"day, light"
Tiri-English,page_15,28,81,lx,exact,1260,1263,Tiri-Latin,Tiri-Latin:3,1260:1263,dae,dae
Tiri-English,page_15,28,82,hm,exact,1264,1265,English-Latin,English-Latin:1,1264:1265,1,1
Tiri-English,page_15,28,83,ge,exact,1267,1283,English-Latin,English-Latin:14,1267:1283,something; thing,"something, thing"
Tiri-English,page_15,29,84,lx,exact,1285,1288,Tiri-Latin,Tiri-Latin:3,1285:1288,dae,dae
Tiri-English,page_15,29,85,hm,exact,1289,1290,English-Latin,English-Latin:1,1289:1290,2,2
Tiri-English,page_15,29,86,se,exact,1296,1301,Tiri-Latin,Tiri-Latin:5,1296:1301,dodae,dodae
Tiri-English,page_15,29,87,ge,exact,1302,1334,English-Latin,English-Latin:26,1302:1334,something woven; a mat; clothing,"something woven; a mat, clothing"
Tiri-English,page_15,30,88,lx,exact,1336,1341,Tiri-Latin,Tiri-Latin:5,1336:1341,daešə,daešə
Tiri-English,page_15,30,89,ge,exact,1342,1363,English-Latin,English-Latin:18,1342:1363,an encounter; meeting,"an encounter, meeting"
Tiri-English,page_15,30,90,cf,exact,1368,1372,Tiri-Latin,English-Latin:1;Tiri-Latin:2,1368:1372,šə 1,šə 1
Tiri-English,page_15,31,91,lx,exact,1375,1379,Tiri-Latin,Tiri-Latin:4,1375:1379,dãɛ̃,dãɛ̃
Tiri-English,page_15,31,92,ge,compact,1380,1456,English-Latin,English-Latin:61,1380:1456,a tree with hard wood used to make warclubs (grows in red soil and dry forest),a tree with hard wood used to make warclubs (grows in red soil and dry forest)
Tiri-English,page_15,32,93,lx,exact,1459,1465,Tiri-Latin,Tiri-Latin:6,1459:1465,damiři,damiři
Tiri-English,page_15,32,94,ge,exact,1466,1479,English-Latin,English-Latin:12,1466:1479,clear weather,clear weather
Tiri-English,page_15,32,95,cf,exact,1484,1492,Tiri-Latin,Tiri-Latin:6,1484:1492,dã; miři,"dã, miři"
Tiri-English,page_15,33,96,lx,exact,1495,1499,Tiri-Latin,Tiri-Latin:4,1495:1499,dařa,dařa
Tiri-English,page_15,33,97,hm,exact,1500,1501,English-Latin,English-Latin:1,1500:1501,1,1
Tiri-English,page_15,33,98,ue,exact,1502,1505,meta,,1502:1505,[m],[M]
Tiri-English,page_15,33,99,ge,exact,1506,1517,English-Latin,English-Latin:9,1506:1517,way; manner,"way, manner"
Tiri-English,page_15,33,100,cf,exact,1522,1526,Tiri-Latin,Tiri-Latin:4,1522:1526,betu,betu
Tiri-English,page_15,34,101,lx,exact,1529,1533,Tiri-Latin,Tiri-Latin:4,1529:1533,dařa,dařa
Tiri-English,page_15,34,102,hm,exact,1534,1535,English-Latin,English-Latin:1,1534:1535,2,2
Tiri-English,page_15,34,103,ge,exact,1537,1541,English-Latin,English-Latin:4,1537:1541,wide,wide
Tiri-English,page_15,35,104,lx,exact,1543,1547,Tiri-Latin,Tiri-Latin:4,1543:1547,dãřĩ,dãřĩ
Tiri-English,page_15,35,105,ge,exact,1548,1555,English-Latin,English-Latin:6,1548:1555,to weep,to weep
